2025-12-03 03:34:52,063 - __main__ - INFO - Cache directory: ${STREAMING_CACHE_DIR:-./cache/streaming}
2025-12-03 03:34:52,063 - __main__ - INFO - Checkpoint directory: checkpoints
2025-12-03 03:34:52,063 - __main__ - INFO - Setting up streaming dataset...
2025-12-03 03:34:52,065 - hybrid.data.pdb_manager - INFO - Built structure index with 2 structures
2025-12-03 03:34:52,066 - hybrid.data.streaming_dataset - INFO - Timing collection enabled with window size 1000
2025-12-03 03:34:52,066 - hybrid.data.streaming_dataset - INFO - Built data index with 2 samples
2025-12-03 03:34:52,066 - __main__ - INFO - Applying A100 streaming optimizations...
2025-12-03 03:34:52,066 - hybrid.data.streaming_dataset - INFO - Starting cache warming for 2 PDB structures
2025-12-03 03:34:52,525 - hybrid.data.streaming_dataset - INFO - Enabling adaptive prefetch for 2 upcoming structures
2025-12-03 03:34:52,525 - __main__ - INFO - A100 optimizations applied: {'cache_optimizations': ['Increased memory cache to 0GB for A100 environment', 'Increased disk cache to 14GB for high-performance storage'], 'dataset_optimizations': ['Pre-warmed cache with 2 structures', 'Enabled adaptive prefetching'], 'performance_estimates': {'current_hit_rate': 0.0, 'estimated_hit_rate_post_optimization': 0.9, 'estimated_throughput_improvement_percent': 90.0, 'memory_utilization_target': '60-80% for optimal performance', 'concurrent_downloads_optimized': 16, 'cache_sizes': {'memory_cache_gb': 0, 'disk_cache_gb': 14}, 'optimized_workers': 16, 'optimized_prefetch_factor': 8, 'expected_throughput_improvement': '15-30%', 'memory_efficiency': 'Optimized for A100 80GB VRAM', 'bandwidth_utilization': 'Optimized for high-bandwidth storage'}}
2025-12-03 03:34:52,526 - __main__ - INFO - Streaming dataset setup complete
2025-12-03 03:34:52,526 - __main__ - INFO - Setting up model...
2025-12-03 03:34:52,644 - __main__ - INFO - Mixed precision training enabled
2025-12-03 03:34:52,645 - __main__ - INFO - Model parameters: 3,541,318 total, 1,878,145 trainable
2025-12-03 03:34:56,701 - hybrid.data.streaming_dataset - INFO - Shutting down thread pool executor
2025-12-03 03:34:56,827 - hybrid.data.streaming_dataset - INFO - Shutting down thread pool executor
2025-12-03 03:35:31,988 - __main__ - INFO - Cache directory: ${STREAMING_CACHE_DIR:-./cache/streaming}
2025-12-03 03:35:31,992 - __main__ - INFO - Checkpoint directory: checkpoints
2025-12-03 03:35:31,992 - __main__ - INFO - Setting up streaming dataset...
2025-12-03 03:35:31,996 - hybrid.data.pdb_manager - INFO - Built structure index with 2 structures
2025-12-03 03:35:31,999 - hybrid.data.streaming_dataset - INFO - Timing collection enabled with window size 1000
2025-12-03 03:35:31,999 - hybrid.data.streaming_dataset - INFO - Built data index with 2 samples
2025-12-03 03:35:32,000 - __main__ - INFO - Applying A100 streaming optimizations...
2025-12-03 03:35:32,001 - hybrid.data.streaming_dataset - INFO - Starting cache warming for 2 PDB structures
2025-12-03 03:35:32,001 - hybrid.data.streaming_dataset - INFO - Enabling adaptive prefetch for 2 upcoming structures
2025-12-03 03:35:32,001 - __main__ - INFO - A100 optimizations applied: {'cache_optimizations': ['Increased memory cache to 0GB for A100 environment', 'Increased disk cache to 14GB for high-performance storage', 'Pre-warmed cache with 0 popular structures'], 'dataset_optimizations': ['Pre-warmed cache with 0 structures', 'Enabled adaptive prefetching'], 'performance_estimates': {'current_hit_rate': 0.0, 'estimated_hit_rate_post_optimization': 0.9, 'estimated_throughput_improvement_percent': 90.0, 'memory_utilization_target': '60-80% for optimal performance', 'concurrent_downloads_optimized': 16, 'cache_sizes': {'memory_cache_gb': 0, 'disk_cache_gb': 14}, 'optimized_workers': 16, 'optimized_prefetch_factor': 8, 'expected_throughput_improvement': '15-30%', 'memory_efficiency': 'Optimized for A100 80GB VRAM', 'bandwidth_utilization': 'Optimized for high-bandwidth storage'}}
2025-12-03 03:35:32,001 - __main__ - INFO - Streaming dataset setup complete
2025-12-03 03:35:32,001 - __main__ - INFO - Setting up model...
2025-12-03 03:35:32,259 - __main__ - INFO - Mixed precision training enabled
2025-12-03 03:35:32,260 - __main__ - INFO - Model parameters: 3,541,318 total, 1,878,145 trainable
2025-12-03 03:35:35,764 - __main__ - INFO - Optimizer and scheduler setup complete
2025-12-03 03:35:35,782 - hybrid.data.streaming_dataset - INFO - Shutting down thread pool executor
2025-12-03 03:35:36,203 - hybrid.data.streaming_dataset - INFO - Shutting down thread pool executor
2025-12-03 03:36:03,154 - __main__ - INFO - Cache directory: ${STREAMING_CACHE_DIR:-./cache/streaming}
2025-12-03 03:36:03,155 - __main__ - INFO - Checkpoint directory: checkpoints
2025-12-03 03:36:03,155 - __main__ - INFO - Setting up streaming dataset...
2025-12-03 03:36:03,158 - hybrid.data.pdb_manager - INFO - Built structure index with 2 structures
2025-12-03 03:36:03,159 - hybrid.data.streaming_dataset - INFO - Timing collection enabled with window size 1000
2025-12-03 03:36:03,160 - hybrid.data.streaming_dataset - INFO - Built data index with 2 samples
2025-12-03 03:36:03,160 - __main__ - INFO - Applying A100 streaming optimizations...
2025-12-03 03:36:03,160 - hybrid.data.streaming_dataset - INFO - Starting cache warming for 2 PDB structures
2025-12-03 03:36:03,160 - hybrid.data.streaming_dataset - INFO - Enabling adaptive prefetch for 2 upcoming structures
2025-12-03 03:36:03,160 - __main__ - INFO - A100 optimizations applied: {'cache_optimizations': ['Increased memory cache to 0GB for A100 environment', 'Increased disk cache to 14GB for high-performance storage', 'Pre-warmed cache with 0 popular structures'], 'dataset_optimizations': ['Pre-warmed cache with 0 structures', 'Enabled adaptive prefetching'], 'performance_estimates': {'current_hit_rate': 0.0, 'estimated_hit_rate_post_optimization': 0.9, 'estimated_throughput_improvement_percent': 90.0, 'memory_utilization_target': '60-80% for optimal performance', 'concurrent_downloads_optimized': 16, 'cache_sizes': {'memory_cache_gb': 0, 'disk_cache_gb': 14}, 'optimized_workers': 16, 'optimized_prefetch_factor': 8, 'expected_throughput_improvement': '15-30%', 'memory_efficiency': 'Optimized for A100 80GB VRAM', 'bandwidth_utilization': 'Optimized for high-bandwidth storage'}}
2025-12-03 03:36:03,160 - __main__ - INFO - Streaming dataset setup complete
2025-12-03 03:36:03,161 - __main__ - INFO - Setting up model...
2025-12-03 03:36:03,283 - __main__ - INFO - Mixed precision training enabled
2025-12-03 03:36:03,284 - __main__ - INFO - Model parameters: 3,541,318 total, 1,878,145 trainable
2025-12-03 03:36:05,475 - __main__ - INFO - Optimizer and scheduler setup complete
2025-12-03 03:36:05,478 - __main__ - INFO - TensorBoard logging to: ${TENSORBOARD_LOG_DIR:-./logs/tensorboard}
2025-12-03 03:36:05,478 - __main__ - INFO - StreamingTrainer initialized on device: cpu
2025-12-03 03:36:05,478 - __main__ - INFO - Starting streaming training...
2025-12-03 03:36:05,478 - __main__ - INFO - Starting epoch 1/300
2025-12-03 03:36:05,527 - hybrid.data.streaming_dataset - INFO - Starting dataset iteration with 2 available samples
2025-12-03 03:36:08,039 - hybrid.data.streaming_dataset - ERROR - Invalid coordinate tensor shape for proteinmpnn/inputs/PDB_monomers/pdbs/5L33.pdb: expected [B, L, 4, 3] or [L, 4, 3], got torch.Size([1, 106, 4, 3])
2025-12-03 03:36:08,049 - hybrid.data.streaming_dataset - ERROR - Invalid coordinate tensor shape for proteinmpnn/inputs/PDB_monomers/pdbs/6MRR.pdb: expected [B, L, 4, 3] or [L, 4, 3], got torch.Size([1, 68, 4, 3])
2025-12-03 03:36:08,056 - hybrid.data.streaming_dataset - ERROR - Invalid coordinate tensor shape for proteinmpnn/inputs/PDB_monomers/pdbs/5L33.pdb: expected [B, L, 4, 3] or [L, 4, 3], got torch.Size([1, 106, 4, 3])
2025-12-03 03:36:08,069 - hybrid.data.streaming_dataset - ERROR - Invalid coordinate tensor shape for proteinmpnn/inputs/PDB_monomers/pdbs/5L33.pdb: expected [B, L, 4, 3] or [L, 4, 3], got torch.Size([1, 106, 4, 3])
2025-12-03 03:36:08,076 - hybrid.data.streaming_dataset - ERROR - Invalid coordinate tensor shape for proteinmpnn/inputs/PDB_monomers/pdbs/5L33.pdb: expected [B, L, 4, 3] or [L, 4, 3], got torch.Size([1, 106, 4, 3])
2025-12-03 03:36:08,082 - hybrid.data.streaming_dataset - ERROR - Invalid coordinate tensor shape for proteinmpnn/inputs/PDB_monomers/pdbs/5L33.pdb: expected [B, L, 4, 3] or [L, 4, 3], got torch.Size([1, 106, 4, 3])
2025-12-03 03:36:08,090 - hybrid.data.streaming_dataset - ERROR - Invalid coordinate tensor shape for proteinmpnn/inputs/PDB_monomers/pdbs/5L33.pdb: expected [B, L, 4, 3] or [L, 4, 3], got torch.Size([1, 106, 4, 3])
2025-12-03 03:36:08,096 - hybrid.data.streaming_dataset - ERROR - Invalid coordinate tensor shape for proteinmpnn/inputs/PDB_monomers/pdbs/5L33.pdb: expected [B, L, 4, 3] or [L, 4, 3], got torch.Size([1, 106, 4, 3])
2025-12-03 03:36:08,102 - hybrid.data.streaming_dataset - ERROR - Invalid coordinate tensor shape for proteinmpnn/inputs/PDB_monomers/pdbs/5L33.pdb: expected [B, L, 4, 3] or [L, 4, 3], got torch.Size([1, 106, 4, 3])
2025-12-03 03:36:08,111 - hybrid.data.streaming_dataset - ERROR - Invalid coordinate tensor shape for proteinmpnn/inputs/PDB_monomers/pdbs/6MRR.pdb: expected [B, L, 4, 3] or [L, 4, 3], got torch.Size([1, 68, 4, 3])
2025-12-03 03:36:08,111 - hybrid.data.streaming_dataset - WARNING - Failed to generate positive sample after maximum attempts
2025-12-03 03:36:08,118 - hybrid.data.streaming_dataset - ERROR - Invalid coordinate tensor shape for proteinmpnn/inputs/PDB_monomers/pdbs/5L33.pdb: expected [B, L, 4, 3] or [L, 4, 3], got torch.Size([1, 106, 4, 3])
2025-12-03 03:36:08,124 - hybrid.data.streaming_dataset - ERROR - Invalid coordinate tensor shape for proteinmpnn/inputs/PDB_monomers/pdbs/5L33.pdb: expected [B, L, 4, 3] or [L, 4, 3], got torch.Size([1, 106, 4, 3])
2025-12-03 03:36:08,135 - hybrid.data.streaming_dataset - ERROR - Invalid coordinate tensor shape for proteinmpnn/inputs/PDB_monomers/pdbs/6MRR.pdb: expected [B, L, 4, 3] or [L, 4, 3], got torch.Size([1, 68, 4, 3])
2025-12-03 03:36:08,142 - hybrid.data.streaming_dataset - ERROR - Invalid coordinate tensor shape for proteinmpnn/inputs/PDB_monomers/pdbs/6MRR.pdb: expected [B, L, 4, 3] or [L, 4, 3], got torch.Size([1, 68, 4, 3])
2025-12-03 03:36:08,149 - hybrid.data.streaming_dataset - ERROR - Invalid coordinate tensor shape for proteinmpnn/inputs/PDB_monomers/pdbs/6MRR.pdb: expected [B, L, 4, 3] or [L, 4, 3], got torch.Size([1, 68, 4, 3])
2025-12-03 03:36:08,159 - hybrid.data.streaming_dataset - ERROR - Invalid coordinate tensor shape for proteinmpnn/inputs/PDB_monomers/pdbs/5L33.pdb: expected [B, L, 4, 3] or [L, 4, 3], got torch.Size([1, 106, 4, 3])
2025-12-03 03:36:08,166 - hybrid.data.streaming_dataset - ERROR - Invalid coordinate tensor shape for proteinmpnn/inputs/PDB_monomers/pdbs/5L33.pdb: expected [B, L, 4, 3] or [L, 4, 3], got torch.Size([1, 106, 4, 3])
2025-12-03 03:36:08,173 - hybrid.data.streaming_dataset - ERROR - Invalid coordinate tensor shape for proteinmpnn/inputs/PDB_monomers/pdbs/6MRR.pdb: expected [B, L, 4, 3] or [L, 4, 3], got torch.Size([1, 68, 4, 3])
2025-12-03 03:36:08,180 - hybrid.data.streaming_dataset - ERROR - Invalid coordinate tensor shape for proteinmpnn/inputs/PDB_monomers/pdbs/5L33.pdb: expected [B, L, 4, 3] or [L, 4, 3], got torch.Size([1, 106, 4, 3])
2025-12-03 03:36:08,186 - hybrid.data.streaming_dataset - ERROR - Invalid coordinate tensor shape for proteinmpnn/inputs/PDB_monomers/pdbs/5L33.pdb: expected [B, L, 4, 3] or [L, 4, 3], got torch.Size([1, 106, 4, 3])
2025-12-03 03:36:08,187 - hybrid.data.streaming_dataset - WARNING - Failed to generate positive sample after maximum attempts
2025-12-03 03:36:11,183 - hybrid.data.streaming_dataset - ERROR - Invalid coordinate tensor shape for proteinmpnn/inputs/PDB_monomers/pdbs/6MRR.pdb: expected [B, L, 4, 3] or [L, 4, 3], got torch.Size([1, 68, 4, 3])
2025-12-03 03:36:11,190 - hybrid.data.streaming_dataset - ERROR - Invalid coordinate tensor shape for proteinmpnn/inputs/PDB_monomers/pdbs/5L33.pdb: expected [B, L, 4, 3] or [L, 4, 3], got torch.Size([1, 106, 4, 3])
2025-12-03 03:36:11,202 - hybrid.data.streaming_dataset - ERROR - Invalid coordinate tensor shape for proteinmpnn/inputs/PDB_monomers/pdbs/6MRR.pdb: expected [B, L, 4, 3] or [L, 4, 3], got torch.Size([1, 68, 4, 3])
2025-12-03 03:36:11,214 - hybrid.data.streaming_dataset - ERROR - Invalid coordinate tensor shape for proteinmpnn/inputs/PDB_monomers/pdbs/5L33.pdb: expected [B, L, 4, 3] or [L, 4, 3], got torch.Size([1, 106, 4, 3])
2025-12-03 03:36:11,224 - hybrid.data.streaming_dataset - ERROR - Invalid coordinate tensor shape for proteinmpnn/inputs/PDB_monomers/pdbs/6MRR.pdb: expected [B, L, 4, 3] or [L, 4, 3], got torch.Size([1, 68, 4, 3])
2025-12-03 03:36:11,243 - hybrid.data.streaming_dataset - ERROR - Invalid coordinate tensor shape for proteinmpnn/inputs/PDB_monomers/pdbs/6MRR.pdb: expected [B, L, 4, 3] or [L, 4, 3], got torch.Size([1, 68, 4, 3])
2025-12-03 03:36:11,253 - hybrid.data.streaming_dataset - ERROR - Invalid coordinate tensor shape for proteinmpnn/inputs/PDB_monomers/pdbs/5L33.pdb: expected [B, L, 4, 3] or [L, 4, 3], got torch.Size([1, 106, 4, 3])
2025-12-03 03:36:11,261 - hybrid.data.streaming_dataset - ERROR - Invalid coordinate tensor shape for proteinmpnn/inputs/PDB_monomers/pdbs/5L33.pdb: expected [B, L, 4, 3] or [L, 4, 3], got torch.Size([1, 106, 4, 3])
2025-12-03 03:36:11,270 - hybrid.data.streaming_dataset - ERROR - Invalid coordinate tensor shape for proteinmpnn/inputs/PDB_monomers/pdbs/5L33.pdb: expected [B, L, 4, 3] or [L, 4, 3], got torch.Size([1, 106, 4, 3])
2025-12-03 03:36:11,277 - hybrid.data.streaming_dataset - ERROR - Invalid coordinate tensor shape for proteinmpnn/inputs/PDB_monomers/pdbs/5L33.pdb: expected [B, L, 4, 3] or [L, 4, 3], got torch.Size([1, 106, 4, 3])
2025-12-03 03:36:11,277 - hybrid.data.streaming_dataset - WARNING - Failed to generate positive sample after maximum attempts
2025-12-03 03:36:14,275 - hybrid.data.streaming_dataset - ERROR - Invalid coordinate tensor shape for proteinmpnn/inputs/PDB_monomers/pdbs/5L33.pdb: expected [B, L, 4, 3] or [L, 4, 3], got torch.Size([1, 106, 4, 3])
2025-12-03 03:36:14,281 - hybrid.data.streaming_dataset - ERROR - Invalid coordinate tensor shape for proteinmpnn/inputs/PDB_monomers/pdbs/5L33.pdb: expected [B, L, 4, 3] or [L, 4, 3], got torch.Size([1, 106, 4, 3])
2025-12-03 03:36:14,294 - hybrid.data.streaming_dataset - ERROR - Invalid coordinate tensor shape for proteinmpnn/inputs/PDB_monomers/pdbs/6MRR.pdb: expected [B, L, 4, 3] or [L, 4, 3], got torch.Size([1, 68, 4, 3])
2025-12-03 03:36:14,304 - hybrid.data.streaming_dataset - ERROR - Invalid coordinate tensor shape for proteinmpnn/inputs/PDB_monomers/pdbs/6MRR.pdb: expected [B, L, 4, 3] or [L, 4, 3], got torch.Size([1, 68, 4, 3])
2025-12-03 03:36:14,319 - hybrid.data.streaming_dataset - ERROR - Invalid coordinate tensor shape for proteinmpnn/inputs/PDB_monomers/pdbs/6MRR.pdb: expected [B, L, 4, 3] or [L, 4, 3], got torch.Size([1, 68, 4, 3])
2025-12-03 03:36:14,343 - hybrid.data.streaming_dataset - ERROR - Invalid coordinate tensor shape for proteinmpnn/inputs/PDB_monomers/pdbs/6MRR.pdb: expected [B, L, 4, 3] or [L, 4, 3], got torch.Size([1, 68, 4, 3])
2025-12-03 03:36:14,382 - hybrid.data.streaming_dataset - ERROR - Invalid coordinate tensor shape for proteinmpnn/inputs/PDB_monomers/pdbs/5L33.pdb: expected [B, L, 4, 3] or [L, 4, 3], got torch.Size([1, 106, 4, 3])
2025-12-03 03:36:14,398 - hybrid.data.streaming_dataset - ERROR - Invalid coordinate tensor shape for proteinmpnn/inputs/PDB_monomers/pdbs/6MRR.pdb: expected [B, L, 4, 3] or [L, 4, 3], got torch.Size([1, 68, 4, 3])
2025-12-03 03:36:14,418 - hybrid.data.streaming_dataset - ERROR - Invalid coordinate tensor shape for proteinmpnn/inputs/PDB_monomers/pdbs/6MRR.pdb: expected [B, L, 4, 3] or [L, 4, 3], got torch.Size([1, 68, 4, 3])
2025-12-03 03:36:14,447 - hybrid.data.streaming_dataset - ERROR - Invalid coordinate tensor shape for proteinmpnn/inputs/PDB_monomers/pdbs/5L33.pdb: expected [B, L, 4, 3] or [L, 4, 3], got torch.Size([1, 106, 4, 3])
2025-12-03 03:36:14,448 - hybrid.data.streaming_dataset - WARNING - Failed to generate positive sample after maximum attempts
2025-12-03 03:36:18,137 - hybrid.data.streaming_dataset - ERROR - Invalid coordinate tensor shape for proteinmpnn/inputs/PDB_monomers/pdbs/5L33.pdb: expected [B, L, 4, 3] or [L, 4, 3], got torch.Size([1, 106, 4, 3])
2025-12-03 03:36:18,145 - hybrid.data.streaming_dataset - ERROR - Invalid coordinate tensor shape for proteinmpnn/inputs/PDB_monomers/pdbs/5L33.pdb: expected [B, L, 4, 3] or [L, 4, 3], got torch.Size([1, 106, 4, 3])
2025-12-03 03:36:18,163 - hybrid.data.streaming_dataset - ERROR - Invalid coordinate tensor shape for proteinmpnn/inputs/PDB_monomers/pdbs/6MRR.pdb: expected [B, L, 4, 3] or [L, 4, 3], got torch.Size([1, 68, 4, 3])
2025-12-03 03:36:18,181 - hybrid.data.streaming_dataset - ERROR - Invalid coordinate tensor shape for proteinmpnn/inputs/PDB_monomers/pdbs/6MRR.pdb: expected [B, L, 4, 3] or [L, 4, 3], got torch.Size([1, 68, 4, 3])
2025-12-03 03:36:18,191 - hybrid.data.streaming_dataset - ERROR - Invalid coordinate tensor shape for proteinmpnn/inputs/PDB_monomers/pdbs/6MRR.pdb: expected [B, L, 4, 3] or [L, 4, 3], got torch.Size([1, 68, 4, 3])
2025-12-03 03:36:18,200 - hybrid.data.streaming_dataset - ERROR - Invalid coordinate tensor shape for proteinmpnn/inputs/PDB_monomers/pdbs/5L33.pdb: expected [B, L, 4, 3] or [L, 4, 3], got torch.Size([1, 106, 4, 3])
2025-12-03 03:36:18,235 - hybrid.data.streaming_dataset - ERROR - Invalid coordinate tensor shape for proteinmpnn/inputs/PDB_monomers/pdbs/6MRR.pdb: expected [B, L, 4, 3] or [L, 4, 3], got torch.Size([1, 68, 4, 3])
2025-12-03 03:36:18,326 - hybrid.data.streaming_dataset - ERROR - Invalid coordinate tensor shape for proteinmpnn/inputs/PDB_monomers/pdbs/5L33.pdb: expected [B, L, 4, 3] or [L, 4, 3], got torch.Size([1, 106, 4, 3])
2025-12-03 03:36:18,354 - hybrid.data.streaming_dataset - ERROR - Invalid coordinate tensor shape for proteinmpnn/inputs/PDB_monomers/pdbs/5L33.pdb: expected [B, L, 4, 3] or [L, 4, 3], got torch.Size([1, 106, 4, 3])
2025-12-03 03:36:18,362 - hybrid.data.streaming_dataset - ERROR - Invalid coordinate tensor shape for proteinmpnn/inputs/PDB_monomers/pdbs/5L33.pdb: expected [B, L, 4, 3] or [L, 4, 3], got torch.Size([1, 106, 4, 3])
2025-12-03 03:36:18,363 - hybrid.data.streaming_dataset - WARNING - Failed to generate positive sample after maximum attempts
2025-12-03 03:36:20,734 - hybrid.data.streaming_dataset - ERROR - Invalid coordinate tensor shape for proteinmpnn/inputs/PDB_monomers/pdbs/5L33.pdb: expected [B, L, 4, 3] or [L, 4, 3], got torch.Size([1, 106, 4, 3])
2025-12-03 03:36:20,749 - hybrid.data.streaming_dataset - ERROR - Invalid coordinate tensor shape for proteinmpnn/inputs/PDB_monomers/pdbs/6MRR.pdb: expected [B, L, 4, 3] or [L, 4, 3], got torch.Size([1, 68, 4, 3])
2025-12-03 03:36:20,793 - hybrid.data.streaming_dataset - ERROR - Invalid coordinate tensor shape for proteinmpnn/inputs/PDB_monomers/pdbs/5L33.pdb: expected [B, L, 4, 3] or [L, 4, 3], got torch.Size([1, 106, 4, 3])
2025-12-03 03:36:20,801 - hybrid.data.streaming_dataset - ERROR - Invalid coordinate tensor shape for proteinmpnn/inputs/PDB_monomers/pdbs/6MRR.pdb: expected [B, L, 4, 3] or [L, 4, 3], got torch.Size([1, 68, 4, 3])
2025-12-03 03:36:20,808 - hybrid.data.streaming_dataset - ERROR - Invalid coordinate tensor shape for proteinmpnn/inputs/PDB_monomers/pdbs/6MRR.pdb: expected [B, L, 4, 3] or [L, 4, 3], got torch.Size([1, 68, 4, 3])
2025-12-03 03:36:20,816 - hybrid.data.streaming_dataset - ERROR - Invalid coordinate tensor shape for proteinmpnn/inputs/PDB_monomers/pdbs/6MRR.pdb: expected [B, L, 4, 3] or [L, 4, 3], got torch.Size([1, 68, 4, 3])
2025-12-03 03:36:20,823 - hybrid.data.streaming_dataset - ERROR - Invalid coordinate tensor shape for proteinmpnn/inputs/PDB_monomers/pdbs/5L33.pdb: expected [B, L, 4, 3] or [L, 4, 3], got torch.Size([1, 106, 4, 3])
2025-12-03 03:36:20,837 - hybrid.data.streaming_dataset - ERROR - Invalid coordinate tensor shape for proteinmpnn/inputs/PDB_monomers/pdbs/6MRR.pdb: expected [B, L, 4, 3] or [L, 4, 3], got torch.Size([1, 68, 4, 3])
2025-12-03 03:36:20,847 - hybrid.data.streaming_dataset - ERROR - Invalid coordinate tensor shape for proteinmpnn/inputs/PDB_monomers/pdbs/5L33.pdb: expected [B, L, 4, 3] or [L, 4, 3], got torch.Size([1, 106, 4, 3])
2025-12-03 03:36:20,854 - hybrid.data.streaming_dataset - ERROR - Invalid coordinate tensor shape for proteinmpnn/inputs/PDB_monomers/pdbs/5L33.pdb: expected [B, L, 4, 3] or [L, 4, 3], got torch.Size([1, 106, 4, 3])
2025-12-03 03:36:20,854 - hybrid.data.streaming_dataset - WARNING - Failed to generate positive sample after maximum attempts
2025-12-03 03:36:23,104 - hybrid.data.streaming_dataset - ERROR - Invalid coordinate tensor shape for proteinmpnn/inputs/PDB_monomers/pdbs/6MRR.pdb: expected [B, L, 4, 3] or [L, 4, 3], got torch.Size([1, 68, 4, 3])
2025-12-03 03:36:23,114 - hybrid.data.streaming_dataset - ERROR - Invalid coordinate tensor shape for proteinmpnn/inputs/PDB_monomers/pdbs/6MRR.pdb: expected [B, L, 4, 3] or [L, 4, 3], got torch.Size([1, 68, 4, 3])
2025-12-03 03:36:23,128 - hybrid.data.streaming_dataset - ERROR - Invalid coordinate tensor shape for proteinmpnn/inputs/PDB_monomers/pdbs/6MRR.pdb: expected [B, L, 4, 3] or [L, 4, 3], got torch.Size([1, 68, 4, 3])
2025-12-03 03:36:23,136 - hybrid.data.streaming_dataset - ERROR - Invalid coordinate tensor shape for proteinmpnn/inputs/PDB_monomers/pdbs/6MRR.pdb: expected [B, L, 4, 3] or [L, 4, 3], got torch.Size([1, 68, 4, 3])
2025-12-03 03:36:23,154 - hybrid.data.streaming_dataset - ERROR - Invalid coordinate tensor shape for proteinmpnn/inputs/PDB_monomers/pdbs/5L33.pdb: expected [B, L, 4, 3] or [L, 4, 3], got torch.Size([1, 106, 4, 3])
2025-12-03 03:36:23,162 - hybrid.data.streaming_dataset - ERROR - Invalid coordinate tensor shape for proteinmpnn/inputs/PDB_monomers/pdbs/5L33.pdb: expected [B, L, 4, 3] or [L, 4, 3], got torch.Size([1, 106, 4, 3])
2025-12-03 03:36:23,168 - hybrid.data.streaming_dataset - ERROR - Invalid coordinate tensor shape for proteinmpnn/inputs/PDB_monomers/pdbs/6MRR.pdb: expected [B, L, 4, 3] or [L, 4, 3], got torch.Size([1, 68, 4, 3])
2025-12-03 03:36:23,175 - hybrid.data.streaming_dataset - ERROR - Invalid coordinate tensor shape for proteinmpnn/inputs/PDB_monomers/pdbs/5L33.pdb: expected [B, L, 4, 3] or [L, 4, 3], got torch.Size([1, 106, 4, 3])
2025-12-03 03:36:23,180 - hybrid.data.streaming_dataset - ERROR - Invalid coordinate tensor shape for proteinmpnn/inputs/PDB_monomers/pdbs/5L33.pdb: expected [B, L, 4, 3] or [L, 4, 3], got torch.Size([1, 106, 4, 3])
2025-12-03 03:36:23,187 - hybrid.data.streaming_dataset - ERROR - Invalid coordinate tensor shape for proteinmpnn/inputs/PDB_monomers/pdbs/5L33.pdb: expected [B, L, 4, 3] or [L, 4, 3], got torch.Size([1, 106, 4, 3])
2025-12-03 03:36:23,188 - hybrid.data.streaming_dataset - WARNING - Failed to generate positive sample after maximum attempts
2025-12-03 03:36:23,194 - hybrid.data.streaming_dataset - ERROR - Invalid coordinate tensor shape for proteinmpnn/inputs/PDB_monomers/pdbs/6MRR.pdb: expected [B, L, 4, 3] or [L, 4, 3], got torch.Size([1, 68, 4, 3])
2025-12-03 03:36:23,200 - hybrid.data.streaming_dataset - ERROR - Invalid coordinate tensor shape for proteinmpnn/inputs/PDB_monomers/pdbs/5L33.pdb: expected [B, L, 4, 3] or [L, 4, 3], got torch.Size([1, 106, 4, 3])
2025-12-03 03:36:23,207 - hybrid.data.streaming_dataset - ERROR - Invalid coordinate tensor shape for proteinmpnn/inputs/PDB_monomers/pdbs/6MRR.pdb: expected [B, L, 4, 3] or [L, 4, 3], got torch.Size([1, 68, 4, 3])
2025-12-03 03:36:23,215 - hybrid.data.streaming_dataset - ERROR - Invalid coordinate tensor shape for proteinmpnn/inputs/PDB_monomers/pdbs/6MRR.pdb: expected [B, L, 4, 3] or [L, 4, 3], got torch.Size([1, 68, 4, 3])
2025-12-03 03:36:23,228 - hybrid.data.streaming_dataset - ERROR - Invalid coordinate tensor shape for proteinmpnn/inputs/PDB_monomers/pdbs/6MRR.pdb: expected [B, L, 4, 3] or [L, 4, 3], got torch.Size([1, 68, 4, 3])
2025-12-03 03:36:23,235 - hybrid.data.streaming_dataset - ERROR - Invalid coordinate tensor shape for proteinmpnn/inputs/PDB_monomers/pdbs/6MRR.pdb: expected [B, L, 4, 3] or [L, 4, 3], got torch.Size([1, 68, 4, 3])
2025-12-03 03:36:23,247 - hybrid.data.streaming_dataset - ERROR - Invalid coordinate tensor shape for proteinmpnn/inputs/PDB_monomers/pdbs/5L33.pdb: expected [B, L, 4, 3] or [L, 4, 3], got torch.Size([1, 106, 4, 3])
2025-12-03 03:36:23,286 - hybrid.data.streaming_dataset - ERROR - Invalid coordinate tensor shape for proteinmpnn/inputs/PDB_monomers/pdbs/5L33.pdb: expected [B, L, 4, 3] or [L, 4, 3], got torch.Size([1, 106, 4, 3])
2025-12-03 03:36:23,294 - hybrid.data.streaming_dataset - ERROR - Invalid coordinate tensor shape for proteinmpnn/inputs/PDB_monomers/pdbs/6MRR.pdb: expected [B, L, 4, 3] or [L, 4, 3], got torch.Size([1, 68, 4, 3])
2025-12-03 03:36:23,305 - hybrid.data.streaming_dataset - ERROR - Invalid coordinate tensor shape for proteinmpnn/inputs/PDB_monomers/pdbs/6MRR.pdb: expected [B, L, 4, 3] or [L, 4, 3], got torch.Size([1, 68, 4, 3])
2025-12-03 03:36:23,305 - hybrid.data.streaming_dataset - WARNING - Failed to generate positive sample after maximum attempts
2025-12-03 03:36:23,987 - hybrid.data.streaming_dataset - ERROR - Invalid coordinate tensor shape for proteinmpnn/inputs/PDB_monomers/pdbs/5L33.pdb: expected [B, L, 4, 3] or [L, 4, 3], got torch.Size([1, 106, 4, 3])
2025-12-03 03:36:23,996 - hybrid.data.streaming_dataset - ERROR - Invalid coordinate tensor shape for proteinmpnn/inputs/PDB_monomers/pdbs/6MRR.pdb: expected [B, L, 4, 3] or [L, 4, 3], got torch.Size([1, 68, 4, 3])
2025-12-03 03:36:24,006 - hybrid.data.streaming_dataset - ERROR - Invalid coordinate tensor shape for proteinmpnn/inputs/PDB_monomers/pdbs/5L33.pdb: expected [B, L, 4, 3] or [L, 4, 3], got torch.Size([1, 106, 4, 3])
2025-12-03 03:36:24,013 - hybrid.data.streaming_dataset - ERROR - Invalid coordinate tensor shape for proteinmpnn/inputs/PDB_monomers/pdbs/5L33.pdb: expected [B, L, 4, 3] or [L, 4, 3], got torch.Size([1, 106, 4, 3])
2025-12-03 03:36:24,115 - hybrid.data.streaming_dataset - ERROR - Invalid coordinate tensor shape for proteinmpnn/inputs/PDB_monomers/pdbs/6MRR.pdb: expected [B, L, 4, 3] or [L, 4, 3], got torch.Size([1, 68, 4, 3])
2025-12-03 03:36:24,160 - hybrid.data.streaming_dataset - ERROR - Invalid coordinate tensor shape for proteinmpnn/inputs/PDB_monomers/pdbs/5L33.pdb: expected [B, L, 4, 3] or [L, 4, 3], got torch.Size([1, 106, 4, 3])
2025-12-03 03:36:24,171 - hybrid.data.streaming_dataset - ERROR - Invalid coordinate tensor shape for proteinmpnn/inputs/PDB_monomers/pdbs/5L33.pdb: expected [B, L, 4, 3] or [L, 4, 3], got torch.Size([1, 106, 4, 3])
2025-12-03 03:36:24,185 - hybrid.data.streaming_dataset - ERROR - Invalid coordinate tensor shape for proteinmpnn/inputs/PDB_monomers/pdbs/6MRR.pdb: expected [B, L, 4, 3] or [L, 4, 3], got torch.Size([1, 68, 4, 3])
2025-12-03 03:36:24,191 - hybrid.data.streaming_dataset - ERROR - Invalid coordinate tensor shape for proteinmpnn/inputs/PDB_monomers/pdbs/5L33.pdb: expected [B, L, 4, 3] or [L, 4, 3], got torch.Size([1, 106, 4, 3])
2025-12-03 03:36:24,199 - hybrid.data.streaming_dataset - ERROR - Invalid coordinate tensor shape for proteinmpnn/inputs/PDB_monomers/pdbs/5L33.pdb: expected [B, L, 4, 3] or [L, 4, 3], got torch.Size([1, 106, 4, 3])
2025-12-03 03:36:24,199 - hybrid.data.streaming_dataset - WARNING - Failed to generate positive sample after maximum attempts
2025-12-03 03:36:31,003 - hybrid.data.streaming_dataset - ERROR - Invalid coordinate tensor shape for proteinmpnn/inputs/PDB_monomers/pdbs/6MRR.pdb: expected [B, L, 4, 3] or [L, 4, 3], got torch.Size([1, 68, 4, 3])
2025-12-03 03:36:32,202 - hybrid.data.streaming_dataset - ERROR - Invalid coordinate tensor shape for proteinmpnn/inputs/PDB_monomers/pdbs/6MRR.pdb: expected [B, L, 4, 3] or [L, 4, 3], got torch.Size([1, 68, 4, 3])
2025-12-03 03:36:32,444 - hybrid.data.streaming_dataset - ERROR - Invalid coordinate tensor shape for proteinmpnn/inputs/PDB_monomers/pdbs/5L33.pdb: expected [B, L, 4, 3] or [L, 4, 3], got torch.Size([1, 106, 4, 3])
2025-12-03 03:36:32,509 - hybrid.data.streaming_dataset - ERROR - Invalid coordinate tensor shape for proteinmpnn/inputs/PDB_monomers/pdbs/5L33.pdb: expected [B, L, 4, 3] or [L, 4, 3], got torch.Size([1, 106, 4, 3])
2025-12-03 03:36:32,530 - hybrid.data.streaming_dataset - ERROR - Invalid coordinate tensor shape for proteinmpnn/inputs/PDB_monomers/pdbs/5L33.pdb: expected [B, L, 4, 3] or [L, 4, 3], got torch.Size([1, 106, 4, 3])
2025-12-03 03:36:32,573 - hybrid.data.streaming_dataset - ERROR - Invalid coordinate tensor shape for proteinmpnn/inputs/PDB_monomers/pdbs/5L33.pdb: expected [B, L, 4, 3] or [L, 4, 3], got torch.Size([1, 106, 4, 3])
2025-12-03 03:36:32,597 - hybrid.data.streaming_dataset - ERROR - Invalid coordinate tensor shape for proteinmpnn/inputs/PDB_monomers/pdbs/5L33.pdb: expected [B, L, 4, 3] or [L, 4, 3], got torch.Size([1, 106, 4, 3])
2025-12-03 03:36:32,622 - hybrid.data.streaming_dataset - ERROR - Invalid coordinate tensor shape for proteinmpnn/inputs/PDB_monomers/pdbs/6MRR.pdb: expected [B, L, 4, 3] or [L, 4, 3], got torch.Size([1, 68, 4, 3])
2025-12-03 03:36:32,648 - hybrid.data.streaming_dataset - ERROR - Invalid coordinate tensor shape for proteinmpnn/inputs/PDB_monomers/pdbs/5L33.pdb: expected [B, L, 4, 3] or [L, 4, 3], got torch.Size([1, 106, 4, 3])
2025-12-03 03:36:32,772 - hybrid.data.streaming_dataset - ERROR - Invalid coordinate tensor shape for proteinmpnn/inputs/PDB_monomers/pdbs/5L33.pdb: expected [B, L, 4, 3] or [L, 4, 3], got torch.Size([1, 106, 4, 3])
2025-12-03 03:36:32,834 - hybrid.data.streaming_dataset - WARNING - Failed to generate positive sample after maximum attempts
2025-12-03 03:36:39,912 - hybrid.data.streaming_dataset - ERROR - Invalid coordinate tensor shape for proteinmpnn/inputs/PDB_monomers/pdbs/5L33.pdb: expected [B, L, 4, 3] or [L, 4, 3], got torch.Size([1, 106, 4, 3])
2025-12-03 03:36:39,978 - hybrid.data.streaming_dataset - ERROR - Invalid coordinate tensor shape for proteinmpnn/inputs/PDB_monomers/pdbs/6MRR.pdb: expected [B, L, 4, 3] or [L, 4, 3], got torch.Size([1, 68, 4, 3])
2025-12-03 03:36:40,115 - hybrid.data.streaming_dataset - ERROR - Invalid coordinate tensor shape for proteinmpnn/inputs/PDB_monomers/pdbs/6MRR.pdb: expected [B, L, 4, 3] or [L, 4, 3], got torch.Size([1, 68, 4, 3])
2025-12-03 03:36:40,128 - hybrid.data.streaming_dataset - ERROR - Invalid coordinate tensor shape for proteinmpnn/inputs/PDB_monomers/pdbs/5L33.pdb: expected [B, L, 4, 3] or [L, 4, 3], got torch.Size([1, 106, 4, 3])
2025-12-03 03:36:40,143 - hybrid.data.streaming_dataset - ERROR - Invalid coordinate tensor shape for proteinmpnn/inputs/PDB_monomers/pdbs/5L33.pdb: expected [B, L, 4, 3] or [L, 4, 3], got torch.Size([1, 106, 4, 3])
2025-12-03 03:36:40,161 - hybrid.data.streaming_dataset - ERROR - Invalid coordinate tensor shape for proteinmpnn/inputs/PDB_monomers/pdbs/6MRR.pdb: expected [B, L, 4, 3] or [L, 4, 3], got torch.Size([1, 68, 4, 3])
2025-12-03 03:36:40,177 - hybrid.data.streaming_dataset - ERROR - Invalid coordinate tensor shape for proteinmpnn/inputs/PDB_monomers/pdbs/6MRR.pdb: expected [B, L, 4, 3] or [L, 4, 3], got torch.Size([1, 68, 4, 3])
2025-12-03 03:36:40,227 - hybrid.data.streaming_dataset - ERROR - Invalid coordinate tensor shape for proteinmpnn/inputs/PDB_monomers/pdbs/6MRR.pdb: expected [B, L, 4, 3] or [L, 4, 3], got torch.Size([1, 68, 4, 3])
2025-12-03 03:36:40,244 - hybrid.data.streaming_dataset - ERROR - Invalid coordinate tensor shape for proteinmpnn/inputs/PDB_monomers/pdbs/6MRR.pdb: expected [B, L, 4, 3] or [L, 4, 3], got torch.Size([1, 68, 4, 3])
2025-12-03 03:36:40,258 - hybrid.data.streaming_dataset - ERROR - Invalid coordinate tensor shape for proteinmpnn/inputs/PDB_monomers/pdbs/6MRR.pdb: expected [B, L, 4, 3] or [L, 4, 3], got torch.Size([1, 68, 4, 3])
2025-12-03 03:36:40,263 - hybrid.data.streaming_dataset - WARNING - Failed to generate positive sample after maximum attempts
2025-12-03 03:36:40,286 - hybrid.data.streaming_dataset - ERROR - Invalid coordinate tensor shape for proteinmpnn/inputs/PDB_monomers/pdbs/6MRR.pdb: expected [B, L, 4, 3] or [L, 4, 3], got torch.Size([1, 68, 4, 3])
2025-12-03 03:36:40,314 - hybrid.data.streaming_dataset - ERROR - Invalid coordinate tensor shape for proteinmpnn/inputs/PDB_monomers/pdbs/5L33.pdb: expected [B, L, 4, 3] or [L, 4, 3], got torch.Size([1, 106, 4, 3])
2025-12-03 03:36:40,330 - hybrid.data.streaming_dataset - ERROR - Invalid coordinate tensor shape for proteinmpnn/inputs/PDB_monomers/pdbs/5L33.pdb: expected [B, L, 4, 3] or [L, 4, 3], got torch.Size([1, 106, 4, 3])
2025-12-03 03:36:40,370 - hybrid.data.streaming_dataset - ERROR - Invalid coordinate tensor shape for proteinmpnn/inputs/PDB_monomers/pdbs/5L33.pdb: expected [B, L, 4, 3] or [L, 4, 3], got torch.Size([1, 106, 4, 3])
2025-12-03 03:36:40,378 - hybrid.data.streaming_dataset - ERROR - Invalid coordinate tensor shape for proteinmpnn/inputs/PDB_monomers/pdbs/5L33.pdb: expected [B, L, 4, 3] or [L, 4, 3], got torch.Size([1, 106, 4, 3])
2025-12-03 03:36:40,393 - hybrid.data.streaming_dataset - ERROR - Invalid coordinate tensor shape for proteinmpnn/inputs/PDB_monomers/pdbs/5L33.pdb: expected [B, L, 4, 3] or [L, 4, 3], got torch.Size([1, 106, 4, 3])
2025-12-03 03:36:40,842 - hybrid.data.streaming_dataset - ERROR - Invalid coordinate tensor shape for proteinmpnn/inputs/PDB_monomers/pdbs/5L33.pdb: expected [B, L, 4, 3] or [L, 4, 3], got torch.Size([1, 106, 4, 3])
2025-12-03 03:36:40,932 - hybrid.data.streaming_dataset - ERROR - Invalid coordinate tensor shape for proteinmpnn/inputs/PDB_monomers/pdbs/5L33.pdb: expected [B, L, 4, 3] or [L, 4, 3], got torch.Size([1, 106, 4, 3])
2025-12-03 03:36:40,972 - hybrid.data.streaming_dataset - ERROR - Invalid coordinate tensor shape for proteinmpnn/inputs/PDB_monomers/pdbs/5L33.pdb: expected [B, L, 4, 3] or [L, 4, 3], got torch.Size([1, 106, 4, 3])
2025-12-03 03:36:40,981 - hybrid.data.streaming_dataset - ERROR - Invalid coordinate tensor shape for proteinmpnn/inputs/PDB_monomers/pdbs/5L33.pdb: expected [B, L, 4, 3] or [L, 4, 3], got torch.Size([1, 106, 4, 3])
2025-12-03 03:36:40,981 - hybrid.data.streaming_dataset - WARNING - Failed to generate positive sample after maximum attempts
2025-12-03 03:36:41,265 - hybrid.data.streaming_dataset - INFO - Streaming Progress: Samples: 12, Rate: 0.32/s, Elapsed: 37.8s | Top ops: sample_iteration: 314.7ms, pdb_parsing: 34.8ms, negative_sample_generation: 329.8ms
2025-12-03 03:36:48,049 - hybrid.data.streaming_dataset - ERROR - Invalid coordinate tensor shape for proteinmpnn/inputs/PDB_monomers/pdbs/6MRR.pdb: expected [B, L, 4, 3] or [L, 4, 3], got torch.Size([1, 68, 4, 3])
2025-12-03 03:36:48,140 - hybrid.data.streaming_dataset - ERROR - Invalid coordinate tensor shape for proteinmpnn/inputs/PDB_monomers/pdbs/6MRR.pdb: expected [B, L, 4, 3] or [L, 4, 3], got torch.Size([1, 68, 4, 3])
2025-12-03 03:36:48,171 - hybrid.data.streaming_dataset - ERROR - Invalid coordinate tensor shape for proteinmpnn/inputs/PDB_monomers/pdbs/5L33.pdb: expected [B, L, 4, 3] or [L, 4, 3], got torch.Size([1, 106, 4, 3])
2025-12-03 03:36:48,194 - hybrid.data.streaming_dataset - ERROR - Invalid coordinate tensor shape for proteinmpnn/inputs/PDB_monomers/pdbs/5L33.pdb: expected [B, L, 4, 3] or [L, 4, 3], got torch.Size([1, 106, 4, 3])
2025-12-03 03:36:48,208 - hybrid.data.streaming_dataset - ERROR - Invalid coordinate tensor shape for proteinmpnn/inputs/PDB_monomers/pdbs/6MRR.pdb: expected [B, L, 4, 3] or [L, 4, 3], got torch.Size([1, 68, 4, 3])
2025-12-03 03:36:48,229 - hybrid.data.streaming_dataset - ERROR - Invalid coordinate tensor shape for proteinmpnn/inputs/PDB_monomers/pdbs/5L33.pdb: expected [B, L, 4, 3] or [L, 4, 3], got torch.Size([1, 106, 4, 3])
2025-12-03 03:36:48,244 - hybrid.data.streaming_dataset - ERROR - Invalid coordinate tensor shape for proteinmpnn/inputs/PDB_monomers/pdbs/6MRR.pdb: expected [B, L, 4, 3] or [L, 4, 3], got torch.Size([1, 68, 4, 3])
2025-12-03 03:36:48,260 - hybrid.data.streaming_dataset - ERROR - Invalid coordinate tensor shape for proteinmpnn/inputs/PDB_monomers/pdbs/6MRR.pdb: expected [B, L, 4, 3] or [L, 4, 3], got torch.Size([1, 68, 4, 3])
2025-12-03 03:36:48,274 - hybrid.data.streaming_dataset - ERROR - Invalid coordinate tensor shape for proteinmpnn/inputs/PDB_monomers/pdbs/5L33.pdb: expected [B, L, 4, 3] or [L, 4, 3], got torch.Size([1, 106, 4, 3])
2025-12-03 03:36:48,287 - hybrid.data.streaming_dataset - ERROR - Invalid coordinate tensor shape for proteinmpnn/inputs/PDB_monomers/pdbs/5L33.pdb: expected [B, L, 4, 3] or [L, 4, 3], got torch.Size([1, 106, 4, 3])
2025-12-03 03:36:48,289 - hybrid.data.streaming_dataset - WARNING - Failed to generate positive sample after maximum attempts
2025-12-03 03:36:49,802 - hybrid.data.streaming_dataset - ERROR - Invalid coordinate tensor shape for proteinmpnn/inputs/PDB_monomers/pdbs/6MRR.pdb: expected [B, L, 4, 3] or [L, 4, 3], got torch.Size([1, 68, 4, 3])
2025-12-03 03:36:49,814 - hybrid.data.streaming_dataset - ERROR - Invalid coordinate tensor shape for proteinmpnn/inputs/PDB_monomers/pdbs/6MRR.pdb: expected [B, L, 4, 3] or [L, 4, 3], got torch.Size([1, 68, 4, 3])
2025-12-03 03:36:49,838 - hybrid.data.streaming_dataset - ERROR - Invalid coordinate tensor shape for proteinmpnn/inputs/PDB_monomers/pdbs/6MRR.pdb: expected [B, L, 4, 3] or [L, 4, 3], got torch.Size([1, 68, 4, 3])
2025-12-03 03:36:49,860 - hybrid.data.streaming_dataset - ERROR - Invalid coordinate tensor shape for proteinmpnn/inputs/PDB_monomers/pdbs/6MRR.pdb: expected [B, L, 4, 3] or [L, 4, 3], got torch.Size([1, 68, 4, 3])
2025-12-03 03:36:49,877 - hybrid.data.streaming_dataset - ERROR - Invalid coordinate tensor shape for proteinmpnn/inputs/PDB_monomers/pdbs/5L33.pdb: expected [B, L, 4, 3] or [L, 4, 3], got torch.Size([1, 106, 4, 3])
2025-12-03 03:36:49,900 - hybrid.data.streaming_dataset - ERROR - Invalid coordinate tensor shape for proteinmpnn/inputs/PDB_monomers/pdbs/5L33.pdb: expected [B, L, 4, 3] or [L, 4, 3], got torch.Size([1, 106, 4, 3])
2025-12-03 03:36:49,910 - hybrid.data.streaming_dataset - ERROR - Invalid coordinate tensor shape for proteinmpnn/inputs/PDB_monomers/pdbs/5L33.pdb: expected [B, L, 4, 3] or [L, 4, 3], got torch.Size([1, 106, 4, 3])
2025-12-03 03:36:49,926 - hybrid.data.streaming_dataset - ERROR - Invalid coordinate tensor shape for proteinmpnn/inputs/PDB_monomers/pdbs/6MRR.pdb: expected [B, L, 4, 3] or [L, 4, 3], got torch.Size([1, 68, 4, 3])
2025-12-03 03:36:49,940 - hybrid.data.streaming_dataset - ERROR - Invalid coordinate tensor shape for proteinmpnn/inputs/PDB_monomers/pdbs/6MRR.pdb: expected [B, L, 4, 3] or [L, 4, 3], got torch.Size([1, 68, 4, 3])
2025-12-03 03:36:49,949 - hybrid.data.streaming_dataset - ERROR - Invalid coordinate tensor shape for proteinmpnn/inputs/PDB_monomers/pdbs/5L33.pdb: expected [B, L, 4, 3] or [L, 4, 3], got torch.Size([1, 106, 4, 3])
2025-12-03 03:36:49,949 - hybrid.data.streaming_dataset - WARNING - Failed to generate positive sample after maximum attempts
2025-12-03 03:36:49,962 - hybrid.data.streaming_dataset - ERROR - Invalid coordinate tensor shape for proteinmpnn/inputs/PDB_monomers/pdbs/6MRR.pdb: expected [B, L, 4, 3] or [L, 4, 3], got torch.Size([1, 68, 4, 3])
2025-12-03 03:36:49,973 - hybrid.data.streaming_dataset - ERROR - Invalid coordinate tensor shape for proteinmpnn/inputs/PDB_monomers/pdbs/5L33.pdb: expected [B, L, 4, 3] or [L, 4, 3], got torch.Size([1, 106, 4, 3])
2025-12-03 03:36:49,998 - hybrid.data.streaming_dataset - ERROR - Invalid coordinate tensor shape for proteinmpnn/inputs/PDB_monomers/pdbs/6MRR.pdb: expected [B, L, 4, 3] or [L, 4, 3], got torch.Size([1, 68, 4, 3])
2025-12-03 03:36:50,008 - hybrid.data.streaming_dataset - ERROR - Invalid coordinate tensor shape for proteinmpnn/inputs/PDB_monomers/pdbs/5L33.pdb: expected [B, L, 4, 3] or [L, 4, 3], got torch.Size([1, 106, 4, 3])
2025-12-03 03:36:50,081 - hybrid.data.streaming_dataset - ERROR - Invalid coordinate tensor shape for proteinmpnn/inputs/PDB_monomers/pdbs/6MRR.pdb: expected [B, L, 4, 3] or [L, 4, 3], got torch.Size([1, 68, 4, 3])
2025-12-03 03:36:50,263 - hybrid.data.streaming_dataset - ERROR - Invalid coordinate tensor shape for proteinmpnn/inputs/PDB_monomers/pdbs/6MRR.pdb: expected [B, L, 4, 3] or [L, 4, 3], got torch.Size([1, 68, 4, 3])
2025-12-03 03:36:50,273 - hybrid.data.streaming_dataset - ERROR - Invalid coordinate tensor shape for proteinmpnn/inputs/PDB_monomers/pdbs/5L33.pdb: expected [B, L, 4, 3] or [L, 4, 3], got torch.Size([1, 106, 4, 3])
2025-12-03 03:36:50,284 - hybrid.data.streaming_dataset - ERROR - Invalid coordinate tensor shape for proteinmpnn/inputs/PDB_monomers/pdbs/5L33.pdb: expected [B, L, 4, 3] or [L, 4, 3], got torch.Size([1, 106, 4, 3])
2025-12-03 03:36:50,293 - hybrid.data.streaming_dataset - ERROR - Invalid coordinate tensor shape for proteinmpnn/inputs/PDB_monomers/pdbs/6MRR.pdb: expected [B, L, 4, 3] or [L, 4, 3], got torch.Size([1, 68, 4, 3])
2025-12-03 03:36:50,302 - hybrid.data.streaming_dataset - ERROR - Invalid coordinate tensor shape for proteinmpnn/inputs/PDB_monomers/pdbs/5L33.pdb: expected [B, L, 4, 3] or [L, 4, 3], got torch.Size([1, 106, 4, 3])
2025-12-03 03:36:50,302 - hybrid.data.streaming_dataset - WARNING - Failed to generate positive sample after maximum attempts
2025-12-03 03:36:50,699 - hybrid.data.streaming_dataset - ERROR - Invalid coordinate tensor shape for proteinmpnn/inputs/PDB_monomers/pdbs/5L33.pdb: expected [B, L, 4, 3] or [L, 4, 3], got torch.Size([1, 106, 4, 3])
2025-12-03 03:36:50,718 - hybrid.data.streaming_dataset - ERROR - Invalid coordinate tensor shape for proteinmpnn/inputs/PDB_monomers/pdbs/5L33.pdb: expected [B, L, 4, 3] or [L, 4, 3], got torch.Size([1, 106, 4, 3])
2025-12-03 03:36:50,743 - hybrid.data.streaming_dataset - ERROR - Invalid coordinate tensor shape for proteinmpnn/inputs/PDB_monomers/pdbs/5L33.pdb: expected [B, L, 4, 3] or [L, 4, 3], got torch.Size([1, 106, 4, 3])
2025-12-03 03:36:50,775 - hybrid.data.streaming_dataset - ERROR - Invalid coordinate tensor shape for proteinmpnn/inputs/PDB_monomers/pdbs/5L33.pdb: expected [B, L, 4, 3] or [L, 4, 3], got torch.Size([1, 106, 4, 3])
2025-12-03 03:36:50,790 - hybrid.data.streaming_dataset - ERROR - Invalid coordinate tensor shape for proteinmpnn/inputs/PDB_monomers/pdbs/6MRR.pdb: expected [B, L, 4, 3] or [L, 4, 3], got torch.Size([1, 68, 4, 3])
2025-12-03 03:36:50,806 - hybrid.data.streaming_dataset - ERROR - Invalid coordinate tensor shape for proteinmpnn/inputs/PDB_monomers/pdbs/6MRR.pdb: expected [B, L, 4, 3] or [L, 4, 3], got torch.Size([1, 68, 4, 3])
2025-12-03 03:36:50,824 - hybrid.data.streaming_dataset - ERROR - Invalid coordinate tensor shape for proteinmpnn/inputs/PDB_monomers/pdbs/6MRR.pdb: expected [B, L, 4, 3] or [L, 4, 3], got torch.Size([1, 68, 4, 3])
2025-12-03 03:36:50,836 - hybrid.data.streaming_dataset - ERROR - Invalid coordinate tensor shape for proteinmpnn/inputs/PDB_monomers/pdbs/5L33.pdb: expected [B, L, 4, 3] or [L, 4, 3], got torch.Size([1, 106, 4, 3])
2025-12-03 03:36:50,848 - hybrid.data.streaming_dataset - ERROR - Invalid coordinate tensor shape for proteinmpnn/inputs/PDB_monomers/pdbs/6MRR.pdb: expected [B, L, 4, 3] or [L, 4, 3], got torch.Size([1, 68, 4, 3])
2025-12-03 03:36:50,856 - hybrid.data.streaming_dataset - ERROR - Invalid coordinate tensor shape for proteinmpnn/inputs/PDB_monomers/pdbs/5L33.pdb: expected [B, L, 4, 3] or [L, 4, 3], got torch.Size([1, 106, 4, 3])
2025-12-03 03:36:50,856 - hybrid.data.streaming_dataset - WARNING - Failed to generate positive sample after maximum attempts
2025-12-03 03:36:50,865 - hybrid.data.streaming_dataset - ERROR - Invalid coordinate tensor shape for proteinmpnn/inputs/PDB_monomers/pdbs/6MRR.pdb: expected [B, L, 4, 3] or [L, 4, 3], got torch.Size([1, 68, 4, 3])
2025-12-03 03:36:50,872 - hybrid.data.streaming_dataset - ERROR - Invalid coordinate tensor shape for proteinmpnn/inputs/PDB_monomers/pdbs/6MRR.pdb: expected [B, L, 4, 3] or [L, 4, 3], got torch.Size([1, 68, 4, 3])
2025-12-03 03:36:50,880 - hybrid.data.streaming_dataset - ERROR - Invalid coordinate tensor shape for proteinmpnn/inputs/PDB_monomers/pdbs/6MRR.pdb: expected [B, L, 4, 3] or [L, 4, 3], got torch.Size([1, 68, 4, 3])
2025-12-03 03:36:50,888 - hybrid.data.streaming_dataset - ERROR - Invalid coordinate tensor shape for proteinmpnn/inputs/PDB_monomers/pdbs/6MRR.pdb: expected [B, L, 4, 3] or [L, 4, 3], got torch.Size([1, 68, 4, 3])
2025-12-03 03:36:50,897 - hybrid.data.streaming_dataset - ERROR - Invalid coordinate tensor shape for proteinmpnn/inputs/PDB_monomers/pdbs/6MRR.pdb: expected [B, L, 4, 3] or [L, 4, 3], got torch.Size([1, 68, 4, 3])
2025-12-03 03:36:50,906 - hybrid.data.streaming_dataset - ERROR - Invalid coordinate tensor shape for proteinmpnn/inputs/PDB_monomers/pdbs/6MRR.pdb: expected [B, L, 4, 3] or [L, 4, 3], got torch.Size([1, 68, 4, 3])
2025-12-03 03:36:50,915 - hybrid.data.streaming_dataset - ERROR - Invalid coordinate tensor shape for proteinmpnn/inputs/PDB_monomers/pdbs/5L33.pdb: expected [B, L, 4, 3] or [L, 4, 3], got torch.Size([1, 106, 4, 3])
2025-12-03 03:36:50,925 - hybrid.data.streaming_dataset - ERROR - Invalid coordinate tensor shape for proteinmpnn/inputs/PDB_monomers/pdbs/5L33.pdb: expected [B, L, 4, 3] or [L, 4, 3], got torch.Size([1, 106, 4, 3])
2025-12-03 03:36:50,937 - hybrid.data.streaming_dataset - ERROR - Invalid coordinate tensor shape for proteinmpnn/inputs/PDB_monomers/pdbs/6MRR.pdb: expected [B, L, 4, 3] or [L, 4, 3], got torch.Size([1, 68, 4, 3])
2025-12-03 03:36:50,945 - hybrid.data.streaming_dataset - ERROR - Invalid coordinate tensor shape for proteinmpnn/inputs/PDB_monomers/pdbs/5L33.pdb: expected [B, L, 4, 3] or [L, 4, 3], got torch.Size([1, 106, 4, 3])
2025-12-03 03:36:50,945 - hybrid.data.streaming_dataset - WARNING - Failed to generate positive sample after maximum attempts
2025-12-03 03:36:51,406 - hybrid.data.streaming_dataset - ERROR - Invalid coordinate tensor shape for proteinmpnn/inputs/PDB_monomers/pdbs/5L33.pdb: expected [B, L, 4, 3] or [L, 4, 3], got torch.Size([1, 106, 4, 3])
2025-12-03 03:36:51,419 - hybrid.data.streaming_dataset - ERROR - Invalid coordinate tensor shape for proteinmpnn/inputs/PDB_monomers/pdbs/6MRR.pdb: expected [B, L, 4, 3] or [L, 4, 3], got torch.Size([1, 68, 4, 3])
2025-12-03 03:36:51,429 - hybrid.data.streaming_dataset - ERROR - Invalid coordinate tensor shape for proteinmpnn/inputs/PDB_monomers/pdbs/5L33.pdb: expected [B, L, 4, 3] or [L, 4, 3], got torch.Size([1, 106, 4, 3])
2025-12-03 03:36:51,440 - hybrid.data.streaming_dataset - ERROR - Invalid coordinate tensor shape for proteinmpnn/inputs/PDB_monomers/pdbs/5L33.pdb: expected [B, L, 4, 3] or [L, 4, 3], got torch.Size([1, 106, 4, 3])
2025-12-03 03:36:51,458 - hybrid.data.streaming_dataset - ERROR - Invalid coordinate tensor shape for proteinmpnn/inputs/PDB_monomers/pdbs/6MRR.pdb: expected [B, L, 4, 3] or [L, 4, 3], got torch.Size([1, 68, 4, 3])
2025-12-03 03:36:51,481 - hybrid.data.streaming_dataset - ERROR - Invalid coordinate tensor shape for proteinmpnn/inputs/PDB_monomers/pdbs/5L33.pdb: expected [B, L, 4, 3] or [L, 4, 3], got torch.Size([1, 106, 4, 3])
2025-12-03 03:36:51,497 - hybrid.data.streaming_dataset - ERROR - Invalid coordinate tensor shape for proteinmpnn/inputs/PDB_monomers/pdbs/5L33.pdb: expected [B, L, 4, 3] or [L, 4, 3], got torch.Size([1, 106, 4, 3])
2025-12-03 03:36:51,506 - hybrid.data.streaming_dataset - ERROR - Invalid coordinate tensor shape for proteinmpnn/inputs/PDB_monomers/pdbs/5L33.pdb: expected [B, L, 4, 3] or [L, 4, 3], got torch.Size([1, 106, 4, 3])
2025-12-03 03:36:51,523 - hybrid.data.streaming_dataset - ERROR - Invalid coordinate tensor shape for proteinmpnn/inputs/PDB_monomers/pdbs/5L33.pdb: expected [B, L, 4, 3] or [L, 4, 3], got torch.Size([1, 106, 4, 3])
2025-12-03 03:36:51,533 - hybrid.data.streaming_dataset - ERROR - Invalid coordinate tensor shape for proteinmpnn/inputs/PDB_monomers/pdbs/5L33.pdb: expected [B, L, 4, 3] or [L, 4, 3], got torch.Size([1, 106, 4, 3])
2025-12-03 03:36:51,534 - hybrid.data.streaming_dataset - WARNING - Failed to generate positive sample after maximum attempts
2025-12-03 03:36:51,564 - hybrid.data.streaming_dataset - ERROR - Invalid coordinate tensor shape for proteinmpnn/inputs/PDB_monomers/pdbs/5L33.pdb: expected [B, L, 4, 3] or [L, 4, 3], got torch.Size([1, 106, 4, 3])
2025-12-03 03:36:51,578 - hybrid.data.streaming_dataset - ERROR - Invalid coordinate tensor shape for proteinmpnn/inputs/PDB_monomers/pdbs/6MRR.pdb: expected [B, L, 4, 3] or [L, 4, 3], got torch.Size([1, 68, 4, 3])
2025-12-03 03:36:51,592 - hybrid.data.streaming_dataset - ERROR - Invalid coordinate tensor shape for proteinmpnn/inputs/PDB_monomers/pdbs/5L33.pdb: expected [B, L, 4, 3] or [L, 4, 3], got torch.Size([1, 106, 4, 3])
2025-12-03 03:36:51,609 - hybrid.data.streaming_dataset - ERROR - Invalid coordinate tensor shape for proteinmpnn/inputs/PDB_monomers/pdbs/5L33.pdb: expected [B, L, 4, 3] or [L, 4, 3], got torch.Size([1, 106, 4, 3])
2025-12-03 03:36:51,621 - hybrid.data.streaming_dataset - ERROR - Invalid coordinate tensor shape for proteinmpnn/inputs/PDB_monomers/pdbs/5L33.pdb: expected [B, L, 4, 3] or [L, 4, 3], got torch.Size([1, 106, 4, 3])
2025-12-03 03:36:51,630 - hybrid.data.streaming_dataset - ERROR - Invalid coordinate tensor shape for proteinmpnn/inputs/PDB_monomers/pdbs/5L33.pdb: expected [B, L, 4, 3] or [L, 4, 3], got torch.Size([1, 106, 4, 3])
2025-12-03 03:36:51,641 - hybrid.data.streaming_dataset - ERROR - Invalid coordinate tensor shape for proteinmpnn/inputs/PDB_monomers/pdbs/6MRR.pdb: expected [B, L, 4, 3] or [L, 4, 3], got torch.Size([1, 68, 4, 3])
2025-12-03 03:36:51,657 - hybrid.data.streaming_dataset - ERROR - Invalid coordinate tensor shape for proteinmpnn/inputs/PDB_monomers/pdbs/6MRR.pdb: expected [B, L, 4, 3] or [L, 4, 3], got torch.Size([1, 68, 4, 3])
2025-12-03 03:36:51,666 - hybrid.data.streaming_dataset - ERROR - Invalid coordinate tensor shape for proteinmpnn/inputs/PDB_monomers/pdbs/6MRR.pdb: expected [B, L, 4, 3] or [L, 4, 3], got torch.Size([1, 68, 4, 3])
2025-12-03 03:36:51,675 - hybrid.data.streaming_dataset - ERROR - Invalid coordinate tensor shape for proteinmpnn/inputs/PDB_monomers/pdbs/5L33.pdb: expected [B, L, 4, 3] or [L, 4, 3], got torch.Size([1, 106, 4, 3])
2025-12-03 03:36:51,676 - hybrid.data.streaming_dataset - WARNING - Failed to generate positive sample after maximum attempts
2025-12-03 03:36:51,685 - hybrid.data.streaming_dataset - ERROR - Invalid coordinate tensor shape for proteinmpnn/inputs/PDB_monomers/pdbs/6MRR.pdb: expected [B, L, 4, 3] or [L, 4, 3], got torch.Size([1, 68, 4, 3])
2025-12-03 03:36:51,693 - hybrid.data.streaming_dataset - ERROR - Invalid coordinate tensor shape for proteinmpnn/inputs/PDB_monomers/pdbs/5L33.pdb: expected [B, L, 4, 3] or [L, 4, 3], got torch.Size([1, 106, 4, 3])
2025-12-03 03:36:51,703 - hybrid.data.streaming_dataset - ERROR - Invalid coordinate tensor shape for proteinmpnn/inputs/PDB_monomers/pdbs/6MRR.pdb: expected [B, L, 4, 3] or [L, 4, 3], got torch.Size([1, 68, 4, 3])
2025-12-03 03:36:51,713 - hybrid.data.streaming_dataset - ERROR - Invalid coordinate tensor shape for proteinmpnn/inputs/PDB_monomers/pdbs/6MRR.pdb: expected [B, L, 4, 3] or [L, 4, 3], got torch.Size([1, 68, 4, 3])
2025-12-03 03:36:51,724 - hybrid.data.streaming_dataset - ERROR - Invalid coordinate tensor shape for proteinmpnn/inputs/PDB_monomers/pdbs/5L33.pdb: expected [B, L, 4, 3] or [L, 4, 3], got torch.Size([1, 106, 4, 3])
2025-12-03 03:36:51,737 - hybrid.data.streaming_dataset - ERROR - Invalid coordinate tensor shape for proteinmpnn/inputs/PDB_monomers/pdbs/6MRR.pdb: expected [B, L, 4, 3] or [L, 4, 3], got torch.Size([1, 68, 4, 3])
2025-12-03 03:36:51,758 - hybrid.data.streaming_dataset - ERROR - Invalid coordinate tensor shape for proteinmpnn/inputs/PDB_monomers/pdbs/6MRR.pdb: expected [B, L, 4, 3] or [L, 4, 3], got torch.Size([1, 68, 4, 3])
2025-12-03 03:36:51,790 - hybrid.data.streaming_dataset - ERROR - Invalid coordinate tensor shape for proteinmpnn/inputs/PDB_monomers/pdbs/6MRR.pdb: expected [B, L, 4, 3] or [L, 4, 3], got torch.Size([1, 68, 4, 3])
2025-12-03 03:36:51,805 - hybrid.data.streaming_dataset - ERROR - Invalid coordinate tensor shape for proteinmpnn/inputs/PDB_monomers/pdbs/5L33.pdb: expected [B, L, 4, 3] or [L, 4, 3], got torch.Size([1, 106, 4, 3])
2025-12-03 03:36:51,828 - hybrid.data.streaming_dataset - ERROR - Invalid coordinate tensor shape for proteinmpnn/inputs/PDB_monomers/pdbs/5L33.pdb: expected [B, L, 4, 3] or [L, 4, 3], got torch.Size([1, 106, 4, 3])
2025-12-03 03:36:51,831 - hybrid.data.streaming_dataset - WARNING - Failed to generate positive sample after maximum attempts
2025-12-03 03:36:52,821 - hybrid.data.streaming_dataset - ERROR - Invalid coordinate tensor shape for proteinmpnn/inputs/PDB_monomers/pdbs/6MRR.pdb: expected [B, L, 4, 3] or [L, 4, 3], got torch.Size([1, 68, 4, 3])
2025-12-03 03:36:52,836 - hybrid.data.streaming_dataset - ERROR - Invalid coordinate tensor shape for proteinmpnn/inputs/PDB_monomers/pdbs/5L33.pdb: expected [B, L, 4, 3] or [L, 4, 3], got torch.Size([1, 106, 4, 3])
2025-12-03 03:36:52,847 - hybrid.data.streaming_dataset - ERROR - Invalid coordinate tensor shape for proteinmpnn/inputs/PDB_monomers/pdbs/6MRR.pdb: expected [B, L, 4, 3] or [L, 4, 3], got torch.Size([1, 68, 4, 3])
2025-12-03 03:36:52,853 - hybrid.data.streaming_dataset - ERROR - Invalid coordinate tensor shape for proteinmpnn/inputs/PDB_monomers/pdbs/5L33.pdb: expected [B, L, 4, 3] or [L, 4, 3], got torch.Size([1, 106, 4, 3])
2025-12-03 03:36:52,861 - hybrid.data.streaming_dataset - ERROR - Invalid coordinate tensor shape for proteinmpnn/inputs/PDB_monomers/pdbs/5L33.pdb: expected [B, L, 4, 3] or [L, 4, 3], got torch.Size([1, 106, 4, 3])
2025-12-03 03:36:52,873 - hybrid.data.streaming_dataset - ERROR - Invalid coordinate tensor shape for proteinmpnn/inputs/PDB_monomers/pdbs/6MRR.pdb: expected [B, L, 4, 3] or [L, 4, 3], got torch.Size([1, 68, 4, 3])
2025-12-03 03:36:52,903 - hybrid.data.streaming_dataset - ERROR - Invalid coordinate tensor shape for proteinmpnn/inputs/PDB_monomers/pdbs/6MRR.pdb: expected [B, L, 4, 3] or [L, 4, 3], got torch.Size([1, 68, 4, 3])
2025-12-03 03:36:52,915 - hybrid.data.streaming_dataset - ERROR - Invalid coordinate tensor shape for proteinmpnn/inputs/PDB_monomers/pdbs/5L33.pdb: expected [B, L, 4, 3] or [L, 4, 3], got torch.Size([1, 106, 4, 3])
2025-12-03 03:36:52,925 - hybrid.data.streaming_dataset - ERROR - Invalid coordinate tensor shape for proteinmpnn/inputs/PDB_monomers/pdbs/6MRR.pdb: expected [B, L, 4, 3] or [L, 4, 3], got torch.Size([1, 68, 4, 3])
2025-12-03 03:36:52,938 - hybrid.data.streaming_dataset - ERROR - Invalid coordinate tensor shape for proteinmpnn/inputs/PDB_monomers/pdbs/6MRR.pdb: expected [B, L, 4, 3] or [L, 4, 3], got torch.Size([1, 68, 4, 3])
2025-12-03 03:36:52,938 - hybrid.data.streaming_dataset - WARNING - Failed to generate positive sample after maximum attempts
2025-12-03 03:36:56,527 - hybrid.data.streaming_dataset - ERROR - Invalid coordinate tensor shape for proteinmpnn/inputs/PDB_monomers/pdbs/5L33.pdb: expected [B, L, 4, 3] or [L, 4, 3], got torch.Size([1, 106, 4, 3])
2025-12-03 03:36:56,543 - hybrid.data.streaming_dataset - ERROR - Invalid coordinate tensor shape for proteinmpnn/inputs/PDB_monomers/pdbs/6MRR.pdb: expected [B, L, 4, 3] or [L, 4, 3], got torch.Size([1, 68, 4, 3])
2025-12-03 03:36:56,554 - hybrid.data.streaming_dataset - ERROR - Invalid coordinate tensor shape for proteinmpnn/inputs/PDB_monomers/pdbs/5L33.pdb: expected [B, L, 4, 3] or [L, 4, 3], got torch.Size([1, 106, 4, 3])
2025-12-03 03:36:56,560 - hybrid.data.streaming_dataset - ERROR - Invalid coordinate tensor shape for proteinmpnn/inputs/PDB_monomers/pdbs/5L33.pdb: expected [B, L, 4, 3] or [L, 4, 3], got torch.Size([1, 106, 4, 3])
2025-12-03 03:36:56,568 - hybrid.data.streaming_dataset - ERROR - Invalid coordinate tensor shape for proteinmpnn/inputs/PDB_monomers/pdbs/6MRR.pdb: expected [B, L, 4, 3] or [L, 4, 3], got torch.Size([1, 68, 4, 3])
2025-12-03 03:36:56,574 - hybrid.data.streaming_dataset - ERROR - Invalid coordinate tensor shape for proteinmpnn/inputs/PDB_monomers/pdbs/5L33.pdb: expected [B, L, 4, 3] or [L, 4, 3], got torch.Size([1, 106, 4, 3])
2025-12-03 03:36:56,582 - hybrid.data.streaming_dataset - ERROR - Invalid coordinate tensor shape for proteinmpnn/inputs/PDB_monomers/pdbs/5L33.pdb: expected [B, L, 4, 3] or [L, 4, 3], got torch.Size([1, 106, 4, 3])
2025-12-03 03:36:56,589 - hybrid.data.streaming_dataset - ERROR - Invalid coordinate tensor shape for proteinmpnn/inputs/PDB_monomers/pdbs/5L33.pdb: expected [B, L, 4, 3] or [L, 4, 3], got torch.Size([1, 106, 4, 3])
2025-12-03 03:36:56,596 - hybrid.data.streaming_dataset - ERROR - Invalid coordinate tensor shape for proteinmpnn/inputs/PDB_monomers/pdbs/6MRR.pdb: expected [B, L, 4, 3] or [L, 4, 3], got torch.Size([1, 68, 4, 3])
2025-12-03 03:36:56,604 - hybrid.data.streaming_dataset - ERROR - Invalid coordinate tensor shape for proteinmpnn/inputs/PDB_monomers/pdbs/6MRR.pdb: expected [B, L, 4, 3] or [L, 4, 3], got torch.Size([1, 68, 4, 3])
2025-12-03 03:36:56,604 - hybrid.data.streaming_dataset - WARNING - Failed to generate positive sample after maximum attempts
2025-12-03 03:36:56,616 - hybrid.data.streaming_dataset - ERROR - Invalid coordinate tensor shape for proteinmpnn/inputs/PDB_monomers/pdbs/6MRR.pdb: expected [B, L, 4, 3] or [L, 4, 3], got torch.Size([1, 68, 4, 3])
2025-12-03 03:36:56,628 - hybrid.data.streaming_dataset - ERROR - Invalid coordinate tensor shape for proteinmpnn/inputs/PDB_monomers/pdbs/5L33.pdb: expected [B, L, 4, 3] or [L, 4, 3], got torch.Size([1, 106, 4, 3])
2025-12-03 03:36:56,645 - hybrid.data.streaming_dataset - ERROR - Invalid coordinate tensor shape for proteinmpnn/inputs/PDB_monomers/pdbs/6MRR.pdb: expected [B, L, 4, 3] or [L, 4, 3], got torch.Size([1, 68, 4, 3])
2025-12-03 03:36:56,666 - hybrid.data.streaming_dataset - ERROR - Invalid coordinate tensor shape for proteinmpnn/inputs/PDB_monomers/pdbs/6MRR.pdb: expected [B, L, 4, 3] or [L, 4, 3], got torch.Size([1, 68, 4, 3])
2025-12-03 03:36:56,686 - hybrid.data.streaming_dataset - ERROR - Invalid coordinate tensor shape for proteinmpnn/inputs/PDB_monomers/pdbs/6MRR.pdb: expected [B, L, 4, 3] or [L, 4, 3], got torch.Size([1, 68, 4, 3])
2025-12-03 03:36:56,703 - hybrid.data.streaming_dataset - ERROR - Invalid coordinate tensor shape for proteinmpnn/inputs/PDB_monomers/pdbs/5L33.pdb: expected [B, L, 4, 3] or [L, 4, 3], got torch.Size([1, 106, 4, 3])
2025-12-03 03:36:56,712 - hybrid.data.streaming_dataset - ERROR - Invalid coordinate tensor shape for proteinmpnn/inputs/PDB_monomers/pdbs/5L33.pdb: expected [B, L, 4, 3] or [L, 4, 3], got torch.Size([1, 106, 4, 3])
2025-12-03 03:36:56,719 - hybrid.data.streaming_dataset - ERROR - Invalid coordinate tensor shape for proteinmpnn/inputs/PDB_monomers/pdbs/6MRR.pdb: expected [B, L, 4, 3] or [L, 4, 3], got torch.Size([1, 68, 4, 3])
2025-12-03 03:36:56,736 - hybrid.data.streaming_dataset - ERROR - Invalid coordinate tensor shape for proteinmpnn/inputs/PDB_monomers/pdbs/6MRR.pdb: expected [B, L, 4, 3] or [L, 4, 3], got torch.Size([1, 68, 4, 3])
2025-12-03 03:36:56,745 - hybrid.data.streaming_dataset - ERROR - Invalid coordinate tensor shape for proteinmpnn/inputs/PDB_monomers/pdbs/5L33.pdb: expected [B, L, 4, 3] or [L, 4, 3], got torch.Size([1, 106, 4, 3])
2025-12-03 03:36:56,745 - hybrid.data.streaming_dataset - WARNING - Failed to generate positive sample after maximum attempts
2025-12-03 03:36:59,221 - hybrid.data.streaming_dataset - ERROR - Invalid coordinate tensor shape for proteinmpnn/inputs/PDB_monomers/pdbs/5L33.pdb: expected [B, L, 4, 3] or [L, 4, 3], got torch.Size([1, 106, 4, 3])
2025-12-03 03:36:59,232 - hybrid.data.streaming_dataset - ERROR - Invalid coordinate tensor shape for proteinmpnn/inputs/PDB_monomers/pdbs/6MRR.pdb: expected [B, L, 4, 3] or [L, 4, 3], got torch.Size([1, 68, 4, 3])
2025-12-03 03:36:59,242 - hybrid.data.streaming_dataset - ERROR - Invalid coordinate tensor shape for proteinmpnn/inputs/PDB_monomers/pdbs/6MRR.pdb: expected [B, L, 4, 3] or [L, 4, 3], got torch.Size([1, 68, 4, 3])
2025-12-03 03:36:59,254 - hybrid.data.streaming_dataset - ERROR - Invalid coordinate tensor shape for proteinmpnn/inputs/PDB_monomers/pdbs/5L33.pdb: expected [B, L, 4, 3] or [L, 4, 3], got torch.Size([1, 106, 4, 3])
2025-12-03 03:36:59,264 - hybrid.data.streaming_dataset - ERROR - Invalid coordinate tensor shape for proteinmpnn/inputs/PDB_monomers/pdbs/5L33.pdb: expected [B, L, 4, 3] or [L, 4, 3], got torch.Size([1, 106, 4, 3])
2025-12-03 03:36:59,274 - hybrid.data.streaming_dataset - ERROR - Invalid coordinate tensor shape for proteinmpnn/inputs/PDB_monomers/pdbs/5L33.pdb: expected [B, L, 4, 3] or [L, 4, 3], got torch.Size([1, 106, 4, 3])
2025-12-03 03:36:59,305 - hybrid.data.streaming_dataset - ERROR - Invalid coordinate tensor shape for proteinmpnn/inputs/PDB_monomers/pdbs/5L33.pdb: expected [B, L, 4, 3] or [L, 4, 3], got torch.Size([1, 106, 4, 3])
2025-12-03 03:36:59,323 - hybrid.data.streaming_dataset - ERROR - Invalid coordinate tensor shape for proteinmpnn/inputs/PDB_monomers/pdbs/5L33.pdb: expected [B, L, 4, 3] or [L, 4, 3], got torch.Size([1, 106, 4, 3])
2025-12-03 03:36:59,349 - hybrid.data.streaming_dataset - ERROR - Invalid coordinate tensor shape for proteinmpnn/inputs/PDB_monomers/pdbs/6MRR.pdb: expected [B, L, 4, 3] or [L, 4, 3], got torch.Size([1, 68, 4, 3])
2025-12-03 03:36:59,357 - hybrid.data.streaming_dataset - ERROR - Invalid coordinate tensor shape for proteinmpnn/inputs/PDB_monomers/pdbs/5L33.pdb: expected [B, L, 4, 3] or [L, 4, 3], got torch.Size([1, 106, 4, 3])
2025-12-03 03:36:59,358 - hybrid.data.streaming_dataset - WARNING - Failed to generate positive sample after maximum attempts
2025-12-03 03:36:59,369 - hybrid.data.streaming_dataset - ERROR - Invalid coordinate tensor shape for proteinmpnn/inputs/PDB_monomers/pdbs/6MRR.pdb: expected [B, L, 4, 3] or [L, 4, 3], got torch.Size([1, 68, 4, 3])
2025-12-03 03:36:59,378 - hybrid.data.streaming_dataset - ERROR - Invalid coordinate tensor shape for proteinmpnn/inputs/PDB_monomers/pdbs/5L33.pdb: expected [B, L, 4, 3] or [L, 4, 3], got torch.Size([1, 106, 4, 3])
2025-12-03 03:36:59,392 - hybrid.data.streaming_dataset - ERROR - Invalid coordinate tensor shape for proteinmpnn/inputs/PDB_monomers/pdbs/6MRR.pdb: expected [B, L, 4, 3] or [L, 4, 3], got torch.Size([1, 68, 4, 3])
2025-12-03 03:36:59,417 - hybrid.data.streaming_dataset - ERROR - Invalid coordinate tensor shape for proteinmpnn/inputs/PDB_monomers/pdbs/5L33.pdb: expected [B, L, 4, 3] or [L, 4, 3], got torch.Size([1, 106, 4, 3])
2025-12-03 03:36:59,429 - hybrid.data.streaming_dataset - ERROR - Invalid coordinate tensor shape for proteinmpnn/inputs/PDB_monomers/pdbs/5L33.pdb: expected [B, L, 4, 3] or [L, 4, 3], got torch.Size([1, 106, 4, 3])
2025-12-03 03:36:59,446 - hybrid.data.streaming_dataset - ERROR - Invalid coordinate tensor shape for proteinmpnn/inputs/PDB_monomers/pdbs/5L33.pdb: expected [B, L, 4, 3] or [L, 4, 3], got torch.Size([1, 106, 4, 3])
2025-12-03 03:36:59,467 - hybrid.data.streaming_dataset - ERROR - Invalid coordinate tensor shape for proteinmpnn/inputs/PDB_monomers/pdbs/6MRR.pdb: expected [B, L, 4, 3] or [L, 4, 3], got torch.Size([1, 68, 4, 3])
2025-12-03 03:36:59,487 - hybrid.data.streaming_dataset - ERROR - Invalid coordinate tensor shape for proteinmpnn/inputs/PDB_monomers/pdbs/6MRR.pdb: expected [B, L, 4, 3] or [L, 4, 3], got torch.Size([1, 68, 4, 3])
2025-12-03 03:36:59,508 - hybrid.data.streaming_dataset - ERROR - Invalid coordinate tensor shape for proteinmpnn/inputs/PDB_monomers/pdbs/5L33.pdb: expected [B, L, 4, 3] or [L, 4, 3], got torch.Size([1, 106, 4, 3])
2025-12-03 03:36:59,524 - hybrid.data.streaming_dataset - ERROR - Invalid coordinate tensor shape for proteinmpnn/inputs/PDB_monomers/pdbs/5L33.pdb: expected [B, L, 4, 3] or [L, 4, 3], got torch.Size([1, 106, 4, 3])
2025-12-03 03:36:59,524 - hybrid.data.streaming_dataset - WARNING - Failed to generate positive sample after maximum attempts
2025-12-03 03:37:03,769 - hybrid.data.streaming_dataset - ERROR - Invalid coordinate tensor shape for proteinmpnn/inputs/PDB_monomers/pdbs/5L33.pdb: expected [B, L, 4, 3] or [L, 4, 3], got torch.Size([1, 106, 4, 3])
2025-12-03 03:37:03,786 - hybrid.data.streaming_dataset - ERROR - Invalid coordinate tensor shape for proteinmpnn/inputs/PDB_monomers/pdbs/5L33.pdb: expected [B, L, 4, 3] or [L, 4, 3], got torch.Size([1, 106, 4, 3])
2025-12-03 03:37:03,796 - hybrid.data.streaming_dataset - ERROR - Invalid coordinate tensor shape for proteinmpnn/inputs/PDB_monomers/pdbs/6MRR.pdb: expected [B, L, 4, 3] or [L, 4, 3], got torch.Size([1, 68, 4, 3])
2025-12-03 03:37:03,809 - hybrid.data.streaming_dataset - ERROR - Invalid coordinate tensor shape for proteinmpnn/inputs/PDB_monomers/pdbs/6MRR.pdb: expected [B, L, 4, 3] or [L, 4, 3], got torch.Size([1, 68, 4, 3])
2025-12-03 03:37:03,820 - hybrid.data.streaming_dataset - ERROR - Invalid coordinate tensor shape for proteinmpnn/inputs/PDB_monomers/pdbs/5L33.pdb: expected [B, L, 4, 3] or [L, 4, 3], got torch.Size([1, 106, 4, 3])
2025-12-03 03:37:03,832 - hybrid.data.streaming_dataset - ERROR - Invalid coordinate tensor shape for proteinmpnn/inputs/PDB_monomers/pdbs/6MRR.pdb: expected [B, L, 4, 3] or [L, 4, 3], got torch.Size([1, 68, 4, 3])
2025-12-03 03:37:03,842 - hybrid.data.streaming_dataset - ERROR - Invalid coordinate tensor shape for proteinmpnn/inputs/PDB_monomers/pdbs/5L33.pdb: expected [B, L, 4, 3] or [L, 4, 3], got torch.Size([1, 106, 4, 3])
2025-12-03 03:37:03,849 - hybrid.data.streaming_dataset - ERROR - Invalid coordinate tensor shape for proteinmpnn/inputs/PDB_monomers/pdbs/5L33.pdb: expected [B, L, 4, 3] or [L, 4, 3], got torch.Size([1, 106, 4, 3])
2025-12-03 03:37:03,856 - hybrid.data.streaming_dataset - ERROR - Invalid coordinate tensor shape for proteinmpnn/inputs/PDB_monomers/pdbs/6MRR.pdb: expected [B, L, 4, 3] or [L, 4, 3], got torch.Size([1, 68, 4, 3])
2025-12-03 03:37:03,863 - hybrid.data.streaming_dataset - ERROR - Invalid coordinate tensor shape for proteinmpnn/inputs/PDB_monomers/pdbs/5L33.pdb: expected [B, L, 4, 3] or [L, 4, 3], got torch.Size([1, 106, 4, 3])
2025-12-03 03:37:03,863 - hybrid.data.streaming_dataset - WARNING - Failed to generate positive sample after maximum attempts
2025-12-03 03:37:03,871 - hybrid.data.streaming_dataset - ERROR - Invalid coordinate tensor shape for proteinmpnn/inputs/PDB_monomers/pdbs/5L33.pdb: expected [B, L, 4, 3] or [L, 4, 3], got torch.Size([1, 106, 4, 3])
2025-12-03 03:37:03,878 - hybrid.data.streaming_dataset - ERROR - Invalid coordinate tensor shape for proteinmpnn/inputs/PDB_monomers/pdbs/5L33.pdb: expected [B, L, 4, 3] or [L, 4, 3], got torch.Size([1, 106, 4, 3])
2025-12-03 03:37:03,887 - hybrid.data.streaming_dataset - ERROR - Invalid coordinate tensor shape for proteinmpnn/inputs/PDB_monomers/pdbs/6MRR.pdb: expected [B, L, 4, 3] or [L, 4, 3], got torch.Size([1, 68, 4, 3])
2025-12-03 03:37:03,896 - hybrid.data.streaming_dataset - ERROR - Invalid coordinate tensor shape for proteinmpnn/inputs/PDB_monomers/pdbs/6MRR.pdb: expected [B, L, 4, 3] or [L, 4, 3], got torch.Size([1, 68, 4, 3])
2025-12-03 03:37:03,908 - hybrid.data.streaming_dataset - ERROR - Invalid coordinate tensor shape for proteinmpnn/inputs/PDB_monomers/pdbs/6MRR.pdb: expected [B, L, 4, 3] or [L, 4, 3], got torch.Size([1, 68, 4, 3])
2025-12-03 03:37:03,918 - hybrid.data.streaming_dataset - ERROR - Invalid coordinate tensor shape for proteinmpnn/inputs/PDB_monomers/pdbs/5L33.pdb: expected [B, L, 4, 3] or [L, 4, 3], got torch.Size([1, 106, 4, 3])
2025-12-03 03:37:03,930 - hybrid.data.streaming_dataset - ERROR - Invalid coordinate tensor shape for proteinmpnn/inputs/PDB_monomers/pdbs/5L33.pdb: expected [B, L, 4, 3] or [L, 4, 3], got torch.Size([1, 106, 4, 3])
2025-12-03 03:37:03,939 - hybrid.data.streaming_dataset - ERROR - Invalid coordinate tensor shape for proteinmpnn/inputs/PDB_monomers/pdbs/5L33.pdb: expected [B, L, 4, 3] or [L, 4, 3], got torch.Size([1, 106, 4, 3])
2025-12-03 03:37:03,947 - hybrid.data.streaming_dataset - ERROR - Invalid coordinate tensor shape for proteinmpnn/inputs/PDB_monomers/pdbs/5L33.pdb: expected [B, L, 4, 3] or [L, 4, 3], got torch.Size([1, 106, 4, 3])
2025-12-03 03:37:03,956 - hybrid.data.streaming_dataset - ERROR - Invalid coordinate tensor shape for proteinmpnn/inputs/PDB_monomers/pdbs/6MRR.pdb: expected [B, L, 4, 3] or [L, 4, 3], got torch.Size([1, 68, 4, 3])
2025-12-03 03:37:03,956 - hybrid.data.streaming_dataset - WARNING - Failed to generate positive sample after maximum attempts
2025-12-03 03:37:06,379 - hybrid.data.streaming_dataset - ERROR - Invalid coordinate tensor shape for proteinmpnn/inputs/PDB_monomers/pdbs/6MRR.pdb: expected [B, L, 4, 3] or [L, 4, 3], got torch.Size([1, 68, 4, 3])
2025-12-03 03:37:06,389 - hybrid.data.streaming_dataset - ERROR - Invalid coordinate tensor shape for proteinmpnn/inputs/PDB_monomers/pdbs/6MRR.pdb: expected [B, L, 4, 3] or [L, 4, 3], got torch.Size([1, 68, 4, 3])
2025-12-03 03:37:06,398 - hybrid.data.streaming_dataset - ERROR - Invalid coordinate tensor shape for proteinmpnn/inputs/PDB_monomers/pdbs/5L33.pdb: expected [B, L, 4, 3] or [L, 4, 3], got torch.Size([1, 106, 4, 3])
2025-12-03 03:37:06,405 - hybrid.data.streaming_dataset - ERROR - Invalid coordinate tensor shape for proteinmpnn/inputs/PDB_monomers/pdbs/5L33.pdb: expected [B, L, 4, 3] or [L, 4, 3], got torch.Size([1, 106, 4, 3])
2025-12-03 03:37:06,415 - hybrid.data.streaming_dataset - ERROR - Invalid coordinate tensor shape for proteinmpnn/inputs/PDB_monomers/pdbs/6MRR.pdb: expected [B, L, 4, 3] or [L, 4, 3], got torch.Size([1, 68, 4, 3])
2025-12-03 03:37:06,423 - hybrid.data.streaming_dataset - ERROR - Invalid coordinate tensor shape for proteinmpnn/inputs/PDB_monomers/pdbs/5L33.pdb: expected [B, L, 4, 3] or [L, 4, 3], got torch.Size([1, 106, 4, 3])
2025-12-03 03:37:06,437 - hybrid.data.streaming_dataset - ERROR - Invalid coordinate tensor shape for proteinmpnn/inputs/PDB_monomers/pdbs/6MRR.pdb: expected [B, L, 4, 3] or [L, 4, 3], got torch.Size([1, 68, 4, 3])
2025-12-03 03:37:06,445 - hybrid.data.streaming_dataset - ERROR - Invalid coordinate tensor shape for proteinmpnn/inputs/PDB_monomers/pdbs/5L33.pdb: expected [B, L, 4, 3] or [L, 4, 3], got torch.Size([1, 106, 4, 3])
2025-12-03 03:37:06,461 - hybrid.data.streaming_dataset - ERROR - Invalid coordinate tensor shape for proteinmpnn/inputs/PDB_monomers/pdbs/5L33.pdb: expected [B, L, 4, 3] or [L, 4, 3], got torch.Size([1, 106, 4, 3])
2025-12-03 03:37:06,485 - hybrid.data.streaming_dataset - ERROR - Invalid coordinate tensor shape for proteinmpnn/inputs/PDB_monomers/pdbs/6MRR.pdb: expected [B, L, 4, 3] or [L, 4, 3], got torch.Size([1, 68, 4, 3])
2025-12-03 03:37:06,486 - hybrid.data.streaming_dataset - WARNING - Failed to generate positive sample after maximum attempts
2025-12-03 03:37:08,040 - hybrid.data.streaming_dataset - ERROR - Invalid coordinate tensor shape for proteinmpnn/inputs/PDB_monomers/pdbs/6MRR.pdb: expected [B, L, 4, 3] or [L, 4, 3], got torch.Size([1, 68, 4, 3])
2025-12-03 03:37:08,072 - hybrid.data.streaming_dataset - ERROR - Invalid coordinate tensor shape for proteinmpnn/inputs/PDB_monomers/pdbs/6MRR.pdb: expected [B, L, 4, 3] or [L, 4, 3], got torch.Size([1, 68, 4, 3])
2025-12-03 03:37:08,083 - hybrid.data.streaming_dataset - ERROR - Invalid coordinate tensor shape for proteinmpnn/inputs/PDB_monomers/pdbs/5L33.pdb: expected [B, L, 4, 3] or [L, 4, 3], got torch.Size([1, 106, 4, 3])
2025-12-03 03:37:08,092 - hybrid.data.streaming_dataset - ERROR - Invalid coordinate tensor shape for proteinmpnn/inputs/PDB_monomers/pdbs/6MRR.pdb: expected [B, L, 4, 3] or [L, 4, 3], got torch.Size([1, 68, 4, 3])
2025-12-03 03:37:08,105 - hybrid.data.streaming_dataset - ERROR - Invalid coordinate tensor shape for proteinmpnn/inputs/PDB_monomers/pdbs/5L33.pdb: expected [B, L, 4, 3] or [L, 4, 3], got torch.Size([1, 106, 4, 3])
2025-12-03 03:37:08,120 - hybrid.data.streaming_dataset - ERROR - Invalid coordinate tensor shape for proteinmpnn/inputs/PDB_monomers/pdbs/6MRR.pdb: expected [B, L, 4, 3] or [L, 4, 3], got torch.Size([1, 68, 4, 3])
2025-12-03 03:37:08,159 - hybrid.data.streaming_dataset - ERROR - Invalid coordinate tensor shape for proteinmpnn/inputs/PDB_monomers/pdbs/5L33.pdb: expected [B, L, 4, 3] or [L, 4, 3], got torch.Size([1, 106, 4, 3])
2025-12-03 03:37:08,169 - hybrid.data.streaming_dataset - ERROR - Invalid coordinate tensor shape for proteinmpnn/inputs/PDB_monomers/pdbs/6MRR.pdb: expected [B, L, 4, 3] or [L, 4, 3], got torch.Size([1, 68, 4, 3])
2025-12-03 03:37:08,178 - hybrid.data.streaming_dataset - ERROR - Invalid coordinate tensor shape for proteinmpnn/inputs/PDB_monomers/pdbs/5L33.pdb: expected [B, L, 4, 3] or [L, 4, 3], got torch.Size([1, 106, 4, 3])
2025-12-03 03:37:08,191 - hybrid.data.streaming_dataset - ERROR - Invalid coordinate tensor shape for proteinmpnn/inputs/PDB_monomers/pdbs/5L33.pdb: expected [B, L, 4, 3] or [L, 4, 3], got torch.Size([1, 106, 4, 3])
2025-12-03 03:37:08,193 - hybrid.data.streaming_dataset - WARNING - Failed to generate positive sample after maximum attempts
2025-12-03 03:37:08,209 - hybrid.data.streaming_dataset - ERROR - Invalid coordinate tensor shape for proteinmpnn/inputs/PDB_monomers/pdbs/6MRR.pdb: expected [B, L, 4, 3] or [L, 4, 3], got torch.Size([1, 68, 4, 3])
2025-12-03 03:37:08,221 - hybrid.data.streaming_dataset - ERROR - Invalid coordinate tensor shape for proteinmpnn/inputs/PDB_monomers/pdbs/6MRR.pdb: expected [B, L, 4, 3] or [L, 4, 3], got torch.Size([1, 68, 4, 3])
2025-12-03 03:37:08,230 - hybrid.data.streaming_dataset - ERROR - Invalid coordinate tensor shape for proteinmpnn/inputs/PDB_monomers/pdbs/5L33.pdb: expected [B, L, 4, 3] or [L, 4, 3], got torch.Size([1, 106, 4, 3])
2025-12-03 03:37:08,241 - hybrid.data.streaming_dataset - ERROR - Invalid coordinate tensor shape for proteinmpnn/inputs/PDB_monomers/pdbs/6MRR.pdb: expected [B, L, 4, 3] or [L, 4, 3], got torch.Size([1, 68, 4, 3])
2025-12-03 03:37:08,254 - hybrid.data.streaming_dataset - ERROR - Invalid coordinate tensor shape for proteinmpnn/inputs/PDB_monomers/pdbs/6MRR.pdb: expected [B, L, 4, 3] or [L, 4, 3], got torch.Size([1, 68, 4, 3])
2025-12-03 03:37:08,266 - hybrid.data.streaming_dataset - ERROR - Invalid coordinate tensor shape for proteinmpnn/inputs/PDB_monomers/pdbs/6MRR.pdb: expected [B, L, 4, 3] or [L, 4, 3], got torch.Size([1, 68, 4, 3])
2025-12-03 03:37:08,276 - hybrid.data.streaming_dataset - ERROR - Invalid coordinate tensor shape for proteinmpnn/inputs/PDB_monomers/pdbs/6MRR.pdb: expected [B, L, 4, 3] or [L, 4, 3], got torch.Size([1, 68, 4, 3])
2025-12-03 03:37:08,283 - hybrid.data.streaming_dataset - ERROR - Invalid coordinate tensor shape for proteinmpnn/inputs/PDB_monomers/pdbs/6MRR.pdb: expected [B, L, 4, 3] or [L, 4, 3], got torch.Size([1, 68, 4, 3])
2025-12-03 03:37:08,290 - hybrid.data.streaming_dataset - ERROR - Invalid coordinate tensor shape for proteinmpnn/inputs/PDB_monomers/pdbs/6MRR.pdb: expected [B, L, 4, 3] or [L, 4, 3], got torch.Size([1, 68, 4, 3])
2025-12-03 03:37:08,298 - hybrid.data.streaming_dataset - ERROR - Invalid coordinate tensor shape for proteinmpnn/inputs/PDB_monomers/pdbs/5L33.pdb: expected [B, L, 4, 3] or [L, 4, 3], got torch.Size([1, 106, 4, 3])
2025-12-03 03:37:08,298 - hybrid.data.streaming_dataset - WARNING - Failed to generate positive sample after maximum attempts
2025-12-03 03:37:10,986 - hybrid.data.streaming_dataset - ERROR - Invalid coordinate tensor shape for proteinmpnn/inputs/PDB_monomers/pdbs/5L33.pdb: expected [B, L, 4, 3] or [L, 4, 3], got torch.Size([1, 106, 4, 3])
2025-12-03 03:37:10,999 - hybrid.data.streaming_dataset - ERROR - Invalid coordinate tensor shape for proteinmpnn/inputs/PDB_monomers/pdbs/6MRR.pdb: expected [B, L, 4, 3] or [L, 4, 3], got torch.Size([1, 68, 4, 3])
2025-12-03 03:37:11,009 - hybrid.data.streaming_dataset - ERROR - Invalid coordinate tensor shape for proteinmpnn/inputs/PDB_monomers/pdbs/6MRR.pdb: expected [B, L, 4, 3] or [L, 4, 3], got torch.Size([1, 68, 4, 3])
2025-12-03 03:37:11,019 - hybrid.data.streaming_dataset - ERROR - Invalid coordinate tensor shape for proteinmpnn/inputs/PDB_monomers/pdbs/5L33.pdb: expected [B, L, 4, 3] or [L, 4, 3], got torch.Size([1, 106, 4, 3])
2025-12-03 03:37:11,028 - hybrid.data.streaming_dataset - ERROR - Invalid coordinate tensor shape for proteinmpnn/inputs/PDB_monomers/pdbs/6MRR.pdb: expected [B, L, 4, 3] or [L, 4, 3], got torch.Size([1, 68, 4, 3])
2025-12-03 03:37:11,039 - hybrid.data.streaming_dataset - ERROR - Invalid coordinate tensor shape for proteinmpnn/inputs/PDB_monomers/pdbs/6MRR.pdb: expected [B, L, 4, 3] or [L, 4, 3], got torch.Size([1, 68, 4, 3])
2025-12-03 03:37:11,046 - hybrid.data.streaming_dataset - ERROR - Invalid coordinate tensor shape for proteinmpnn/inputs/PDB_monomers/pdbs/5L33.pdb: expected [B, L, 4, 3] or [L, 4, 3], got torch.Size([1, 106, 4, 3])
2025-12-03 03:37:11,054 - hybrid.data.streaming_dataset - ERROR - Invalid coordinate tensor shape for proteinmpnn/inputs/PDB_monomers/pdbs/6MRR.pdb: expected [B, L, 4, 3] or [L, 4, 3], got torch.Size([1, 68, 4, 3])
2025-12-03 03:37:11,061 - hybrid.data.streaming_dataset - ERROR - Invalid coordinate tensor shape for proteinmpnn/inputs/PDB_monomers/pdbs/6MRR.pdb: expected [B, L, 4, 3] or [L, 4, 3], got torch.Size([1, 68, 4, 3])
2025-12-03 03:37:11,069 - hybrid.data.streaming_dataset - ERROR - Invalid coordinate tensor shape for proteinmpnn/inputs/PDB_monomers/pdbs/6MRR.pdb: expected [B, L, 4, 3] or [L, 4, 3], got torch.Size([1, 68, 4, 3])
2025-12-03 03:37:11,069 - hybrid.data.streaming_dataset - WARNING - Failed to generate positive sample after maximum attempts
2025-12-03 03:37:11,080 - hybrid.data.streaming_dataset - ERROR - Invalid coordinate tensor shape for proteinmpnn/inputs/PDB_monomers/pdbs/6MRR.pdb: expected [B, L, 4, 3] or [L, 4, 3], got torch.Size([1, 68, 4, 3])
2025-12-03 03:37:11,086 - hybrid.data.streaming_dataset - ERROR - Invalid coordinate tensor shape for proteinmpnn/inputs/PDB_monomers/pdbs/5L33.pdb: expected [B, L, 4, 3] or [L, 4, 3], got torch.Size([1, 106, 4, 3])
2025-12-03 03:37:11,094 - hybrid.data.streaming_dataset - ERROR - Invalid coordinate tensor shape for proteinmpnn/inputs/PDB_monomers/pdbs/5L33.pdb: expected [B, L, 4, 3] or [L, 4, 3], got torch.Size([1, 106, 4, 3])
2025-12-03 03:37:11,103 - hybrid.data.streaming_dataset - ERROR - Invalid coordinate tensor shape for proteinmpnn/inputs/PDB_monomers/pdbs/6MRR.pdb: expected [B, L, 4, 3] or [L, 4, 3], got torch.Size([1, 68, 4, 3])
2025-12-03 03:37:11,111 - hybrid.data.streaming_dataset - ERROR - Invalid coordinate tensor shape for proteinmpnn/inputs/PDB_monomers/pdbs/6MRR.pdb: expected [B, L, 4, 3] or [L, 4, 3], got torch.Size([1, 68, 4, 3])
2025-12-03 03:37:11,118 - hybrid.data.streaming_dataset - ERROR - Invalid coordinate tensor shape for proteinmpnn/inputs/PDB_monomers/pdbs/5L33.pdb: expected [B, L, 4, 3] or [L, 4, 3], got torch.Size([1, 106, 4, 3])
2025-12-03 03:37:11,125 - hybrid.data.streaming_dataset - ERROR - Invalid coordinate tensor shape for proteinmpnn/inputs/PDB_monomers/pdbs/5L33.pdb: expected [B, L, 4, 3] or [L, 4, 3], got torch.Size([1, 106, 4, 3])
2025-12-03 03:37:11,134 - hybrid.data.streaming_dataset - ERROR - Invalid coordinate tensor shape for proteinmpnn/inputs/PDB_monomers/pdbs/6MRR.pdb: expected [B, L, 4, 3] or [L, 4, 3], got torch.Size([1, 68, 4, 3])
2025-12-03 03:37:11,143 - hybrid.data.streaming_dataset - ERROR - Invalid coordinate tensor shape for proteinmpnn/inputs/PDB_monomers/pdbs/5L33.pdb: expected [B, L, 4, 3] or [L, 4, 3], got torch.Size([1, 106, 4, 3])
2025-12-03 03:37:11,152 - hybrid.data.streaming_dataset - ERROR - Invalid coordinate tensor shape for proteinmpnn/inputs/PDB_monomers/pdbs/5L33.pdb: expected [B, L, 4, 3] or [L, 4, 3], got torch.Size([1, 106, 4, 3])
2025-12-03 03:37:11,153 - hybrid.data.streaming_dataset - WARNING - Failed to generate positive sample after maximum attempts
2025-12-03 03:37:11,158 - hybrid.data.streaming_dataset - INFO - Streaming Progress: Samples: 25, Rate: 0.37/s, Elapsed: 68.0s | Top ops: sample_iteration: 194.7ms, pdb_parsing: 21.9ms, negative_sample_generation: 215.2ms
2025-12-03 03:37:11,891 - __main__ - INFO - Step 25: loss=0.000000, sample_type=negative_random, sequence_length=95
2025-12-03 03:37:11,904 - hybrid.data.streaming_dataset - ERROR - Invalid coordinate tensor shape for proteinmpnn/inputs/PDB_monomers/pdbs/6MRR.pdb: expected [B, L, 4, 3] or [L, 4, 3], got torch.Size([1, 68, 4, 3])
2025-12-03 03:37:11,915 - hybrid.data.streaming_dataset - ERROR - Invalid coordinate tensor shape for proteinmpnn/inputs/PDB_monomers/pdbs/5L33.pdb: expected [B, L, 4, 3] or [L, 4, 3], got torch.Size([1, 106, 4, 3])
2025-12-03 03:37:11,924 - hybrid.data.streaming_dataset - ERROR - Invalid coordinate tensor shape for proteinmpnn/inputs/PDB_monomers/pdbs/6MRR.pdb: expected [B, L, 4, 3] or [L, 4, 3], got torch.Size([1, 68, 4, 3])
2025-12-03 03:37:11,938 - hybrid.data.streaming_dataset - ERROR - Invalid coordinate tensor shape for proteinmpnn/inputs/PDB_monomers/pdbs/6MRR.pdb: expected [B, L, 4, 3] or [L, 4, 3], got torch.Size([1, 68, 4, 3])
2025-12-03 03:37:11,949 - hybrid.data.streaming_dataset - ERROR - Invalid coordinate tensor shape for proteinmpnn/inputs/PDB_monomers/pdbs/5L33.pdb: expected [B, L, 4, 3] or [L, 4, 3], got torch.Size([1, 106, 4, 3])
2025-12-03 03:37:11,959 - hybrid.data.streaming_dataset - ERROR - Invalid coordinate tensor shape for proteinmpnn/inputs/PDB_monomers/pdbs/6MRR.pdb: expected [B, L, 4, 3] or [L, 4, 3], got torch.Size([1, 68, 4, 3])
2025-12-03 03:37:11,975 - hybrid.data.streaming_dataset - ERROR - Invalid coordinate tensor shape for proteinmpnn/inputs/PDB_monomers/pdbs/6MRR.pdb: expected [B, L, 4, 3] or [L, 4, 3], got torch.Size([1, 68, 4, 3])
2025-12-03 03:37:12,007 - hybrid.data.streaming_dataset - ERROR - Invalid coordinate tensor shape for proteinmpnn/inputs/PDB_monomers/pdbs/6MRR.pdb: expected [B, L, 4, 3] or [L, 4, 3], got torch.Size([1, 68, 4, 3])
2025-12-03 03:37:12,014 - hybrid.data.streaming_dataset - ERROR - Invalid coordinate tensor shape for proteinmpnn/inputs/PDB_monomers/pdbs/5L33.pdb: expected [B, L, 4, 3] or [L, 4, 3], got torch.Size([1, 106, 4, 3])
2025-12-03 03:37:12,038 - hybrid.data.streaming_dataset - ERROR - Invalid coordinate tensor shape for proteinmpnn/inputs/PDB_monomers/pdbs/5L33.pdb: expected [B, L, 4, 3] or [L, 4, 3], got torch.Size([1, 106, 4, 3])
2025-12-03 03:37:12,040 - hybrid.data.streaming_dataset - WARNING - Failed to generate positive sample after maximum attempts
2025-12-03 03:37:13,668 - hybrid.data.streaming_dataset - ERROR - Invalid coordinate tensor shape for proteinmpnn/inputs/PDB_monomers/pdbs/5L33.pdb: expected [B, L, 4, 3] or [L, 4, 3], got torch.Size([1, 106, 4, 3])
2025-12-03 03:37:13,689 - hybrid.data.streaming_dataset - ERROR - Invalid coordinate tensor shape for proteinmpnn/inputs/PDB_monomers/pdbs/6MRR.pdb: expected [B, L, 4, 3] or [L, 4, 3], got torch.Size([1, 68, 4, 3])
2025-12-03 03:37:13,702 - hybrid.data.streaming_dataset - ERROR - Invalid coordinate tensor shape for proteinmpnn/inputs/PDB_monomers/pdbs/5L33.pdb: expected [B, L, 4, 3] or [L, 4, 3], got torch.Size([1, 106, 4, 3])
2025-12-03 03:37:13,710 - hybrid.data.streaming_dataset - ERROR - Invalid coordinate tensor shape for proteinmpnn/inputs/PDB_monomers/pdbs/5L33.pdb: expected [B, L, 4, 3] or [L, 4, 3], got torch.Size([1, 106, 4, 3])
2025-12-03 03:37:13,720 - hybrid.data.streaming_dataset - ERROR - Invalid coordinate tensor shape for proteinmpnn/inputs/PDB_monomers/pdbs/6MRR.pdb: expected [B, L, 4, 3] or [L, 4, 3], got torch.Size([1, 68, 4, 3])
2025-12-03 03:37:13,729 - hybrid.data.streaming_dataset - ERROR - Invalid coordinate tensor shape for proteinmpnn/inputs/PDB_monomers/pdbs/5L33.pdb: expected [B, L, 4, 3] or [L, 4, 3], got torch.Size([1, 106, 4, 3])
2025-12-03 03:37:13,737 - hybrid.data.streaming_dataset - ERROR - Invalid coordinate tensor shape for proteinmpnn/inputs/PDB_monomers/pdbs/5L33.pdb: expected [B, L, 4, 3] or [L, 4, 3], got torch.Size([1, 106, 4, 3])
2025-12-03 03:37:13,744 - hybrid.data.streaming_dataset - ERROR - Invalid coordinate tensor shape for proteinmpnn/inputs/PDB_monomers/pdbs/5L33.pdb: expected [B, L, 4, 3] or [L, 4, 3], got torch.Size([1, 106, 4, 3])
2025-12-03 03:37:13,753 - hybrid.data.streaming_dataset - ERROR - Invalid coordinate tensor shape for proteinmpnn/inputs/PDB_monomers/pdbs/6MRR.pdb: expected [B, L, 4, 3] or [L, 4, 3], got torch.Size([1, 68, 4, 3])
2025-12-03 03:37:13,761 - hybrid.data.streaming_dataset - ERROR - Invalid coordinate tensor shape for proteinmpnn/inputs/PDB_monomers/pdbs/5L33.pdb: expected [B, L, 4, 3] or [L, 4, 3], got torch.Size([1, 106, 4, 3])
2025-12-03 03:37:13,761 - hybrid.data.streaming_dataset - WARNING - Failed to generate positive sample after maximum attempts
2025-12-03 03:37:13,770 - hybrid.data.streaming_dataset - ERROR - Invalid coordinate tensor shape for proteinmpnn/inputs/PDB_monomers/pdbs/6MRR.pdb: expected [B, L, 4, 3] or [L, 4, 3], got torch.Size([1, 68, 4, 3])
2025-12-03 03:37:13,779 - hybrid.data.streaming_dataset - ERROR - Invalid coordinate tensor shape for proteinmpnn/inputs/PDB_monomers/pdbs/6MRR.pdb: expected [B, L, 4, 3] or [L, 4, 3], got torch.Size([1, 68, 4, 3])
2025-12-03 03:37:13,789 - hybrid.data.streaming_dataset - ERROR - Invalid coordinate tensor shape for proteinmpnn/inputs/PDB_monomers/pdbs/6MRR.pdb: expected [B, L, 4, 3] or [L, 4, 3], got torch.Size([1, 68, 4, 3])
2025-12-03 03:37:13,797 - hybrid.data.streaming_dataset - ERROR - Invalid coordinate tensor shape for proteinmpnn/inputs/PDB_monomers/pdbs/6MRR.pdb: expected [B, L, 4, 3] or [L, 4, 3], got torch.Size([1, 68, 4, 3])
2025-12-03 03:37:13,806 - hybrid.data.streaming_dataset - ERROR - Invalid coordinate tensor shape for proteinmpnn/inputs/PDB_monomers/pdbs/5L33.pdb: expected [B, L, 4, 3] or [L, 4, 3], got torch.Size([1, 106, 4, 3])
2025-12-03 03:37:13,813 - hybrid.data.streaming_dataset - ERROR - Invalid coordinate tensor shape for proteinmpnn/inputs/PDB_monomers/pdbs/6MRR.pdb: expected [B, L, 4, 3] or [L, 4, 3], got torch.Size([1, 68, 4, 3])
2025-12-03 03:37:13,823 - hybrid.data.streaming_dataset - ERROR - Invalid coordinate tensor shape for proteinmpnn/inputs/PDB_monomers/pdbs/6MRR.pdb: expected [B, L, 4, 3] or [L, 4, 3], got torch.Size([1, 68, 4, 3])
2025-12-03 03:37:13,834 - hybrid.data.streaming_dataset - ERROR - Invalid coordinate tensor shape for proteinmpnn/inputs/PDB_monomers/pdbs/6MRR.pdb: expected [B, L, 4, 3] or [L, 4, 3], got torch.Size([1, 68, 4, 3])
2025-12-03 03:37:13,844 - hybrid.data.streaming_dataset - ERROR - Invalid coordinate tensor shape for proteinmpnn/inputs/PDB_monomers/pdbs/5L33.pdb: expected [B, L, 4, 3] or [L, 4, 3], got torch.Size([1, 106, 4, 3])
2025-12-03 03:37:13,869 - hybrid.data.streaming_dataset - ERROR - Invalid coordinate tensor shape for proteinmpnn/inputs/PDB_monomers/pdbs/6MRR.pdb: expected [B, L, 4, 3] or [L, 4, 3], got torch.Size([1, 68, 4, 3])
2025-12-03 03:37:13,869 - hybrid.data.streaming_dataset - WARNING - Failed to generate positive sample after maximum attempts
2025-12-03 03:37:13,878 - hybrid.data.streaming_dataset - ERROR - Invalid coordinate tensor shape for proteinmpnn/inputs/PDB_monomers/pdbs/6MRR.pdb: expected [B, L, 4, 3] or [L, 4, 3], got torch.Size([1, 68, 4, 3])
2025-12-03 03:37:13,885 - hybrid.data.streaming_dataset - ERROR - Invalid coordinate tensor shape for proteinmpnn/inputs/PDB_monomers/pdbs/5L33.pdb: expected [B, L, 4, 3] or [L, 4, 3], got torch.Size([1, 106, 4, 3])
2025-12-03 03:37:13,892 - hybrid.data.streaming_dataset - ERROR - Invalid coordinate tensor shape for proteinmpnn/inputs/PDB_monomers/pdbs/6MRR.pdb: expected [B, L, 4, 3] or [L, 4, 3], got torch.Size([1, 68, 4, 3])
2025-12-03 03:37:13,902 - hybrid.data.streaming_dataset - ERROR - Invalid coordinate tensor shape for proteinmpnn/inputs/PDB_monomers/pdbs/6MRR.pdb: expected [B, L, 4, 3] or [L, 4, 3], got torch.Size([1, 68, 4, 3])
2025-12-03 03:37:13,911 - hybrid.data.streaming_dataset - ERROR - Invalid coordinate tensor shape for proteinmpnn/inputs/PDB_monomers/pdbs/5L33.pdb: expected [B, L, 4, 3] or [L, 4, 3], got torch.Size([1, 106, 4, 3])
2025-12-03 03:37:13,918 - hybrid.data.streaming_dataset - ERROR - Invalid coordinate tensor shape for proteinmpnn/inputs/PDB_monomers/pdbs/6MRR.pdb: expected [B, L, 4, 3] or [L, 4, 3], got torch.Size([1, 68, 4, 3])
2025-12-03 03:37:13,925 - hybrid.data.streaming_dataset - ERROR - Invalid coordinate tensor shape for proteinmpnn/inputs/PDB_monomers/pdbs/5L33.pdb: expected [B, L, 4, 3] or [L, 4, 3], got torch.Size([1, 106, 4, 3])
2025-12-03 03:37:13,938 - hybrid.data.streaming_dataset - ERROR - Invalid coordinate tensor shape for proteinmpnn/inputs/PDB_monomers/pdbs/6MRR.pdb: expected [B, L, 4, 3] or [L, 4, 3], got torch.Size([1, 68, 4, 3])
2025-12-03 03:37:13,951 - hybrid.data.streaming_dataset - ERROR - Invalid coordinate tensor shape for proteinmpnn/inputs/PDB_monomers/pdbs/6MRR.pdb: expected [B, L, 4, 3] or [L, 4, 3], got torch.Size([1, 68, 4, 3])
2025-12-03 03:37:13,959 - hybrid.data.streaming_dataset - ERROR - Invalid coordinate tensor shape for proteinmpnn/inputs/PDB_monomers/pdbs/6MRR.pdb: expected [B, L, 4, 3] or [L, 4, 3], got torch.Size([1, 68, 4, 3])
2025-12-03 03:37:13,959 - hybrid.data.streaming_dataset - WARNING - Failed to generate positive sample after maximum attempts
2025-12-03 03:37:13,966 - hybrid.data.streaming_dataset - ERROR - Invalid coordinate tensor shape for proteinmpnn/inputs/PDB_monomers/pdbs/5L33.pdb: expected [B, L, 4, 3] or [L, 4, 3], got torch.Size([1, 106, 4, 3])
2025-12-03 03:37:13,975 - hybrid.data.streaming_dataset - ERROR - Invalid coordinate tensor shape for proteinmpnn/inputs/PDB_monomers/pdbs/5L33.pdb: expected [B, L, 4, 3] or [L, 4, 3], got torch.Size([1, 106, 4, 3])
2025-12-03 03:37:13,982 - hybrid.data.streaming_dataset - ERROR - Invalid coordinate tensor shape for proteinmpnn/inputs/PDB_monomers/pdbs/5L33.pdb: expected [B, L, 4, 3] or [L, 4, 3], got torch.Size([1, 106, 4, 3])
2025-12-03 03:37:13,990 - hybrid.data.streaming_dataset - ERROR - Invalid coordinate tensor shape for proteinmpnn/inputs/PDB_monomers/pdbs/5L33.pdb: expected [B, L, 4, 3] or [L, 4, 3], got torch.Size([1, 106, 4, 3])
2025-12-03 03:37:13,996 - hybrid.data.streaming_dataset - ERROR - Invalid coordinate tensor shape for proteinmpnn/inputs/PDB_monomers/pdbs/6MRR.pdb: expected [B, L, 4, 3] or [L, 4, 3], got torch.Size([1, 68, 4, 3])
2025-12-03 03:37:14,005 - hybrid.data.streaming_dataset - ERROR - Invalid coordinate tensor shape for proteinmpnn/inputs/PDB_monomers/pdbs/5L33.pdb: expected [B, L, 4, 3] or [L, 4, 3], got torch.Size([1, 106, 4, 3])
2025-12-03 03:37:14,016 - hybrid.data.streaming_dataset - ERROR - Invalid coordinate tensor shape for proteinmpnn/inputs/PDB_monomers/pdbs/5L33.pdb: expected [B, L, 4, 3] or [L, 4, 3], got torch.Size([1, 106, 4, 3])
2025-12-03 03:37:14,027 - hybrid.data.streaming_dataset - ERROR - Invalid coordinate tensor shape for proteinmpnn/inputs/PDB_monomers/pdbs/5L33.pdb: expected [B, L, 4, 3] or [L, 4, 3], got torch.Size([1, 106, 4, 3])
2025-12-03 03:37:14,035 - hybrid.data.streaming_dataset - ERROR - Invalid coordinate tensor shape for proteinmpnn/inputs/PDB_monomers/pdbs/6MRR.pdb: expected [B, L, 4, 3] or [L, 4, 3], got torch.Size([1, 68, 4, 3])
2025-12-03 03:37:14,042 - hybrid.data.streaming_dataset - ERROR - Invalid coordinate tensor shape for proteinmpnn/inputs/PDB_monomers/pdbs/6MRR.pdb: expected [B, L, 4, 3] or [L, 4, 3], got torch.Size([1, 68, 4, 3])
2025-12-03 03:37:14,042 - hybrid.data.streaming_dataset - WARNING - Failed to generate positive sample after maximum attempts
2025-12-03 03:37:14,050 - hybrid.data.streaming_dataset - ERROR - Invalid coordinate tensor shape for proteinmpnn/inputs/PDB_monomers/pdbs/5L33.pdb: expected [B, L, 4, 3] or [L, 4, 3], got torch.Size([1, 106, 4, 3])
2025-12-03 03:37:14,057 - hybrid.data.streaming_dataset - ERROR - Invalid coordinate tensor shape for proteinmpnn/inputs/PDB_monomers/pdbs/5L33.pdb: expected [B, L, 4, 3] or [L, 4, 3], got torch.Size([1, 106, 4, 3])
2025-12-03 03:37:14,071 - hybrid.data.streaming_dataset - ERROR - Invalid coordinate tensor shape for proteinmpnn/inputs/PDB_monomers/pdbs/6MRR.pdb: expected [B, L, 4, 3] or [L, 4, 3], got torch.Size([1, 68, 4, 3])
2025-12-03 03:37:14,078 - hybrid.data.streaming_dataset - ERROR - Invalid coordinate tensor shape for proteinmpnn/inputs/PDB_monomers/pdbs/6MRR.pdb: expected [B, L, 4, 3] or [L, 4, 3], got torch.Size([1, 68, 4, 3])
2025-12-03 03:37:14,090 - hybrid.data.streaming_dataset - ERROR - Invalid coordinate tensor shape for proteinmpnn/inputs/PDB_monomers/pdbs/5L33.pdb: expected [B, L, 4, 3] or [L, 4, 3], got torch.Size([1, 106, 4, 3])
2025-12-03 03:37:14,097 - hybrid.data.streaming_dataset - ERROR - Invalid coordinate tensor shape for proteinmpnn/inputs/PDB_monomers/pdbs/6MRR.pdb: expected [B, L, 4, 3] or [L, 4, 3], got torch.Size([1, 68, 4, 3])
2025-12-03 03:37:14,104 - hybrid.data.streaming_dataset - ERROR - Invalid coordinate tensor shape for proteinmpnn/inputs/PDB_monomers/pdbs/6MRR.pdb: expected [B, L, 4, 3] or [L, 4, 3], got torch.Size([1, 68, 4, 3])
2025-12-03 03:37:14,111 - hybrid.data.streaming_dataset - ERROR - Invalid coordinate tensor shape for proteinmpnn/inputs/PDB_monomers/pdbs/5L33.pdb: expected [B, L, 4, 3] or [L, 4, 3], got torch.Size([1, 106, 4, 3])
2025-12-03 03:37:14,120 - hybrid.data.streaming_dataset - ERROR - Invalid coordinate tensor shape for proteinmpnn/inputs/PDB_monomers/pdbs/6MRR.pdb: expected [B, L, 4, 3] or [L, 4, 3], got torch.Size([1, 68, 4, 3])
2025-12-03 03:37:14,128 - hybrid.data.streaming_dataset - ERROR - Invalid coordinate tensor shape for proteinmpnn/inputs/PDB_monomers/pdbs/6MRR.pdb: expected [B, L, 4, 3] or [L, 4, 3], got torch.Size([1, 68, 4, 3])
2025-12-03 03:37:14,128 - hybrid.data.streaming_dataset - WARNING - Failed to generate positive sample after maximum attempts
2025-12-03 03:37:20,417 - hybrid.data.streaming_dataset - ERROR - Invalid coordinate tensor shape for proteinmpnn/inputs/PDB_monomers/pdbs/5L33.pdb: expected [B, L, 4, 3] or [L, 4, 3], got torch.Size([1, 106, 4, 3])
2025-12-03 03:37:20,427 - hybrid.data.streaming_dataset - ERROR - Invalid coordinate tensor shape for proteinmpnn/inputs/PDB_monomers/pdbs/6MRR.pdb: expected [B, L, 4, 3] or [L, 4, 3], got torch.Size([1, 68, 4, 3])
2025-12-03 03:37:20,535 - hybrid.data.streaming_dataset - ERROR - Invalid coordinate tensor shape for proteinmpnn/inputs/PDB_monomers/pdbs/5L33.pdb: expected [B, L, 4, 3] or [L, 4, 3], got torch.Size([1, 106, 4, 3])
2025-12-03 03:37:20,623 - hybrid.data.streaming_dataset - ERROR - Invalid coordinate tensor shape for proteinmpnn/inputs/PDB_monomers/pdbs/6MRR.pdb: expected [B, L, 4, 3] or [L, 4, 3], got torch.Size([1, 68, 4, 3])
2025-12-03 03:37:20,632 - hybrid.data.streaming_dataset - ERROR - Invalid coordinate tensor shape for proteinmpnn/inputs/PDB_monomers/pdbs/6MRR.pdb: expected [B, L, 4, 3] or [L, 4, 3], got torch.Size([1, 68, 4, 3])
2025-12-03 03:37:20,643 - hybrid.data.streaming_dataset - ERROR - Invalid coordinate tensor shape for proteinmpnn/inputs/PDB_monomers/pdbs/6MRR.pdb: expected [B, L, 4, 3] or [L, 4, 3], got torch.Size([1, 68, 4, 3])
2025-12-03 03:37:20,652 - hybrid.data.streaming_dataset - ERROR - Invalid coordinate tensor shape for proteinmpnn/inputs/PDB_monomers/pdbs/5L33.pdb: expected [B, L, 4, 3] or [L, 4, 3], got torch.Size([1, 106, 4, 3])
2025-12-03 03:37:20,660 - hybrid.data.streaming_dataset - ERROR - Invalid coordinate tensor shape for proteinmpnn/inputs/PDB_monomers/pdbs/6MRR.pdb: expected [B, L, 4, 3] or [L, 4, 3], got torch.Size([1, 68, 4, 3])
2025-12-03 03:37:20,668 - hybrid.data.streaming_dataset - ERROR - Invalid coordinate tensor shape for proteinmpnn/inputs/PDB_monomers/pdbs/6MRR.pdb: expected [B, L, 4, 3] or [L, 4, 3], got torch.Size([1, 68, 4, 3])
2025-12-03 03:37:20,678 - hybrid.data.streaming_dataset - ERROR - Invalid coordinate tensor shape for proteinmpnn/inputs/PDB_monomers/pdbs/6MRR.pdb: expected [B, L, 4, 3] or [L, 4, 3], got torch.Size([1, 68, 4, 3])
2025-12-03 03:37:20,679 - hybrid.data.streaming_dataset - WARNING - Failed to generate positive sample after maximum attempts
2025-12-03 03:37:20,689 - hybrid.data.streaming_dataset - ERROR - Invalid coordinate tensor shape for proteinmpnn/inputs/PDB_monomers/pdbs/6MRR.pdb: expected [B, L, 4, 3] or [L, 4, 3], got torch.Size([1, 68, 4, 3])
2025-12-03 03:37:20,704 - hybrid.data.streaming_dataset - ERROR - Invalid coordinate tensor shape for proteinmpnn/inputs/PDB_monomers/pdbs/5L33.pdb: expected [B, L, 4, 3] or [L, 4, 3], got torch.Size([1, 106, 4, 3])
2025-12-03 03:37:20,711 - hybrid.data.streaming_dataset - ERROR - Invalid coordinate tensor shape for proteinmpnn/inputs/PDB_monomers/pdbs/5L33.pdb: expected [B, L, 4, 3] or [L, 4, 3], got torch.Size([1, 106, 4, 3])
2025-12-03 03:37:20,720 - hybrid.data.streaming_dataset - ERROR - Invalid coordinate tensor shape for proteinmpnn/inputs/PDB_monomers/pdbs/6MRR.pdb: expected [B, L, 4, 3] or [L, 4, 3], got torch.Size([1, 68, 4, 3])
2025-12-03 03:37:20,727 - hybrid.data.streaming_dataset - ERROR - Invalid coordinate tensor shape for proteinmpnn/inputs/PDB_monomers/pdbs/5L33.pdb: expected [B, L, 4, 3] or [L, 4, 3], got torch.Size([1, 106, 4, 3])
2025-12-03 03:37:20,737 - hybrid.data.streaming_dataset - ERROR - Invalid coordinate tensor shape for proteinmpnn/inputs/PDB_monomers/pdbs/5L33.pdb: expected [B, L, 4, 3] or [L, 4, 3], got torch.Size([1, 106, 4, 3])
2025-12-03 03:37:20,745 - hybrid.data.streaming_dataset - ERROR - Invalid coordinate tensor shape for proteinmpnn/inputs/PDB_monomers/pdbs/6MRR.pdb: expected [B, L, 4, 3] or [L, 4, 3], got torch.Size([1, 68, 4, 3])
2025-12-03 03:37:20,767 - hybrid.data.streaming_dataset - ERROR - Invalid coordinate tensor shape for proteinmpnn/inputs/PDB_monomers/pdbs/5L33.pdb: expected [B, L, 4, 3] or [L, 4, 3], got torch.Size([1, 106, 4, 3])
2025-12-03 03:37:20,774 - hybrid.data.streaming_dataset - ERROR - Invalid coordinate tensor shape for proteinmpnn/inputs/PDB_monomers/pdbs/6MRR.pdb: expected [B, L, 4, 3] or [L, 4, 3], got torch.Size([1, 68, 4, 3])
2025-12-03 03:37:20,783 - hybrid.data.streaming_dataset - ERROR - Invalid coordinate tensor shape for proteinmpnn/inputs/PDB_monomers/pdbs/5L33.pdb: expected [B, L, 4, 3] or [L, 4, 3], got torch.Size([1, 106, 4, 3])
2025-12-03 03:37:20,783 - hybrid.data.streaming_dataset - WARNING - Failed to generate positive sample after maximum attempts
2025-12-03 03:37:20,793 - hybrid.data.streaming_dataset - ERROR - Invalid coordinate tensor shape for proteinmpnn/inputs/PDB_monomers/pdbs/5L33.pdb: expected [B, L, 4, 3] or [L, 4, 3], got torch.Size([1, 106, 4, 3])
2025-12-03 03:37:20,804 - hybrid.data.streaming_dataset - ERROR - Invalid coordinate tensor shape for proteinmpnn/inputs/PDB_monomers/pdbs/6MRR.pdb: expected [B, L, 4, 3] or [L, 4, 3], got torch.Size([1, 68, 4, 3])
2025-12-03 03:37:20,814 - hybrid.data.streaming_dataset - ERROR - Invalid coordinate tensor shape for proteinmpnn/inputs/PDB_monomers/pdbs/6MRR.pdb: expected [B, L, 4, 3] or [L, 4, 3], got torch.Size([1, 68, 4, 3])
2025-12-03 03:37:20,823 - hybrid.data.streaming_dataset - ERROR - Invalid coordinate tensor shape for proteinmpnn/inputs/PDB_monomers/pdbs/6MRR.pdb: expected [B, L, 4, 3] or [L, 4, 3], got torch.Size([1, 68, 4, 3])
2025-12-03 03:37:20,832 - hybrid.data.streaming_dataset - ERROR - Invalid coordinate tensor shape for proteinmpnn/inputs/PDB_monomers/pdbs/6MRR.pdb: expected [B, L, 4, 3] or [L, 4, 3], got torch.Size([1, 68, 4, 3])
2025-12-03 03:37:20,849 - hybrid.data.streaming_dataset - ERROR - Invalid coordinate tensor shape for proteinmpnn/inputs/PDB_monomers/pdbs/6MRR.pdb: expected [B, L, 4, 3] or [L, 4, 3], got torch.Size([1, 68, 4, 3])
2025-12-03 03:37:20,858 - hybrid.data.streaming_dataset - ERROR - Invalid coordinate tensor shape for proteinmpnn/inputs/PDB_monomers/pdbs/6MRR.pdb: expected [B, L, 4, 3] or [L, 4, 3], got torch.Size([1, 68, 4, 3])
2025-12-03 03:37:20,866 - hybrid.data.streaming_dataset - ERROR - Invalid coordinate tensor shape for proteinmpnn/inputs/PDB_monomers/pdbs/6MRR.pdb: expected [B, L, 4, 3] or [L, 4, 3], got torch.Size([1, 68, 4, 3])
2025-12-03 03:37:20,894 - hybrid.data.streaming_dataset - ERROR - Invalid coordinate tensor shape for proteinmpnn/inputs/PDB_monomers/pdbs/5L33.pdb: expected [B, L, 4, 3] or [L, 4, 3], got torch.Size([1, 106, 4, 3])
2025-12-03 03:37:20,903 - hybrid.data.streaming_dataset - ERROR - Invalid coordinate tensor shape for proteinmpnn/inputs/PDB_monomers/pdbs/6MRR.pdb: expected [B, L, 4, 3] or [L, 4, 3], got torch.Size([1, 68, 4, 3])
2025-12-03 03:37:20,904 - hybrid.data.streaming_dataset - WARNING - Failed to generate positive sample after maximum attempts
2025-12-03 03:37:21,069 - hybrid.data.streaming_dataset - ERROR - Invalid coordinate tensor shape for proteinmpnn/inputs/PDB_monomers/pdbs/5L33.pdb: expected [B, L, 4, 3] or [L, 4, 3], got torch.Size([1, 106, 4, 3])
2025-12-03 03:37:21,075 - hybrid.data.streaming_dataset - ERROR - Invalid coordinate tensor shape for proteinmpnn/inputs/PDB_monomers/pdbs/6MRR.pdb: expected [B, L, 4, 3] or [L, 4, 3], got torch.Size([1, 68, 4, 3])
2025-12-03 03:37:21,081 - hybrid.data.streaming_dataset - ERROR - Invalid coordinate tensor shape for proteinmpnn/inputs/PDB_monomers/pdbs/5L33.pdb: expected [B, L, 4, 3] or [L, 4, 3], got torch.Size([1, 106, 4, 3])
2025-12-03 03:37:21,087 - hybrid.data.streaming_dataset - ERROR - Invalid coordinate tensor shape for proteinmpnn/inputs/PDB_monomers/pdbs/5L33.pdb: expected [B, L, 4, 3] or [L, 4, 3], got torch.Size([1, 106, 4, 3])
2025-12-03 03:37:21,094 - hybrid.data.streaming_dataset - ERROR - Invalid coordinate tensor shape for proteinmpnn/inputs/PDB_monomers/pdbs/5L33.pdb: expected [B, L, 4, 3] or [L, 4, 3], got torch.Size([1, 106, 4, 3])
2025-12-03 03:37:21,102 - hybrid.data.streaming_dataset - ERROR - Invalid coordinate tensor shape for proteinmpnn/inputs/PDB_monomers/pdbs/5L33.pdb: expected [B, L, 4, 3] or [L, 4, 3], got torch.Size([1, 106, 4, 3])
2025-12-03 03:37:21,115 - hybrid.data.streaming_dataset - ERROR - Invalid coordinate tensor shape for proteinmpnn/inputs/PDB_monomers/pdbs/5L33.pdb: expected [B, L, 4, 3] or [L, 4, 3], got torch.Size([1, 106, 4, 3])
2025-12-03 03:37:21,123 - hybrid.data.streaming_dataset - ERROR - Invalid coordinate tensor shape for proteinmpnn/inputs/PDB_monomers/pdbs/5L33.pdb: expected [B, L, 4, 3] or [L, 4, 3], got torch.Size([1, 106, 4, 3])
2025-12-03 03:37:21,139 - hybrid.data.streaming_dataset - ERROR - Invalid coordinate tensor shape for proteinmpnn/inputs/PDB_monomers/pdbs/5L33.pdb: expected [B, L, 4, 3] or [L, 4, 3], got torch.Size([1, 106, 4, 3])
2025-12-03 03:37:21,155 - hybrid.data.streaming_dataset - ERROR - Invalid coordinate tensor shape for proteinmpnn/inputs/PDB_monomers/pdbs/5L33.pdb: expected [B, L, 4, 3] or [L, 4, 3], got torch.Size([1, 106, 4, 3])
2025-12-03 03:37:21,155 - hybrid.data.streaming_dataset - WARNING - Failed to generate positive sample after maximum attempts
2025-12-03 03:37:21,166 - hybrid.data.streaming_dataset - ERROR - Invalid coordinate tensor shape for proteinmpnn/inputs/PDB_monomers/pdbs/5L33.pdb: expected [B, L, 4, 3] or [L, 4, 3], got torch.Size([1, 106, 4, 3])
2025-12-03 03:37:21,175 - hybrid.data.streaming_dataset - ERROR - Invalid coordinate tensor shape for proteinmpnn/inputs/PDB_monomers/pdbs/5L33.pdb: expected [B, L, 4, 3] or [L, 4, 3], got torch.Size([1, 106, 4, 3])
2025-12-03 03:37:21,189 - hybrid.data.streaming_dataset - ERROR - Invalid coordinate tensor shape for proteinmpnn/inputs/PDB_monomers/pdbs/6MRR.pdb: expected [B, L, 4, 3] or [L, 4, 3], got torch.Size([1, 68, 4, 3])
2025-12-03 03:37:21,200 - hybrid.data.streaming_dataset - ERROR - Invalid coordinate tensor shape for proteinmpnn/inputs/PDB_monomers/pdbs/6MRR.pdb: expected [B, L, 4, 3] or [L, 4, 3], got torch.Size([1, 68, 4, 3])
2025-12-03 03:37:21,224 - hybrid.data.streaming_dataset - ERROR - Invalid coordinate tensor shape for proteinmpnn/inputs/PDB_monomers/pdbs/6MRR.pdb: expected [B, L, 4, 3] or [L, 4, 3], got torch.Size([1, 68, 4, 3])
2025-12-03 03:37:21,281 - hybrid.data.streaming_dataset - ERROR - Invalid coordinate tensor shape for proteinmpnn/inputs/PDB_monomers/pdbs/5L33.pdb: expected [B, L, 4, 3] or [L, 4, 3], got torch.Size([1, 106, 4, 3])
2025-12-03 03:37:21,351 - hybrid.data.streaming_dataset - ERROR - Invalid coordinate tensor shape for proteinmpnn/inputs/PDB_monomers/pdbs/5L33.pdb: expected [B, L, 4, 3] or [L, 4, 3], got torch.Size([1, 106, 4, 3])
2025-12-03 03:37:21,407 - hybrid.data.streaming_dataset - ERROR - Invalid coordinate tensor shape for proteinmpnn/inputs/PDB_monomers/pdbs/5L33.pdb: expected [B, L, 4, 3] or [L, 4, 3], got torch.Size([1, 106, 4, 3])
2025-12-03 03:37:21,420 - hybrid.data.streaming_dataset - ERROR - Invalid coordinate tensor shape for proteinmpnn/inputs/PDB_monomers/pdbs/6MRR.pdb: expected [B, L, 4, 3] or [L, 4, 3], got torch.Size([1, 68, 4, 3])
2025-12-03 03:37:21,431 - hybrid.data.streaming_dataset - ERROR - Invalid coordinate tensor shape for proteinmpnn/inputs/PDB_monomers/pdbs/5L33.pdb: expected [B, L, 4, 3] or [L, 4, 3], got torch.Size([1, 106, 4, 3])
2025-12-03 03:37:21,432 - hybrid.data.streaming_dataset - WARNING - Failed to generate positive sample after maximum attempts
2025-12-03 03:37:23,171 - hybrid.data.streaming_dataset - ERROR - Invalid coordinate tensor shape for proteinmpnn/inputs/PDB_monomers/pdbs/6MRR.pdb: expected [B, L, 4, 3] or [L, 4, 3], got torch.Size([1, 68, 4, 3])
2025-12-03 03:37:23,179 - hybrid.data.streaming_dataset - ERROR - Invalid coordinate tensor shape for proteinmpnn/inputs/PDB_monomers/pdbs/6MRR.pdb: expected [B, L, 4, 3] or [L, 4, 3], got torch.Size([1, 68, 4, 3])
2025-12-03 03:37:23,186 - hybrid.data.streaming_dataset - ERROR - Invalid coordinate tensor shape for proteinmpnn/inputs/PDB_monomers/pdbs/5L33.pdb: expected [B, L, 4, 3] or [L, 4, 3], got torch.Size([1, 106, 4, 3])
2025-12-03 03:37:23,193 - hybrid.data.streaming_dataset - ERROR - Invalid coordinate tensor shape for proteinmpnn/inputs/PDB_monomers/pdbs/5L33.pdb: expected [B, L, 4, 3] or [L, 4, 3], got torch.Size([1, 106, 4, 3])
2025-12-03 03:37:23,205 - hybrid.data.streaming_dataset - ERROR - Invalid coordinate tensor shape for proteinmpnn/inputs/PDB_monomers/pdbs/5L33.pdb: expected [B, L, 4, 3] or [L, 4, 3], got torch.Size([1, 106, 4, 3])
2025-12-03 03:37:23,212 - hybrid.data.streaming_dataset - ERROR - Invalid coordinate tensor shape for proteinmpnn/inputs/PDB_monomers/pdbs/5L33.pdb: expected [B, L, 4, 3] or [L, 4, 3], got torch.Size([1, 106, 4, 3])
2025-12-03 03:37:23,222 - hybrid.data.streaming_dataset - ERROR - Invalid coordinate tensor shape for proteinmpnn/inputs/PDB_monomers/pdbs/6MRR.pdb: expected [B, L, 4, 3] or [L, 4, 3], got torch.Size([1, 68, 4, 3])
2025-12-03 03:37:23,231 - hybrid.data.streaming_dataset - ERROR - Invalid coordinate tensor shape for proteinmpnn/inputs/PDB_monomers/pdbs/5L33.pdb: expected [B, L, 4, 3] or [L, 4, 3], got torch.Size([1, 106, 4, 3])
2025-12-03 03:37:23,239 - hybrid.data.streaming_dataset - ERROR - Invalid coordinate tensor shape for proteinmpnn/inputs/PDB_monomers/pdbs/5L33.pdb: expected [B, L, 4, 3] or [L, 4, 3], got torch.Size([1, 106, 4, 3])
2025-12-03 03:37:23,248 - hybrid.data.streaming_dataset - ERROR - Invalid coordinate tensor shape for proteinmpnn/inputs/PDB_monomers/pdbs/6MRR.pdb: expected [B, L, 4, 3] or [L, 4, 3], got torch.Size([1, 68, 4, 3])
2025-12-03 03:37:23,248 - hybrid.data.streaming_dataset - WARNING - Failed to generate positive sample after maximum attempts
2025-12-03 03:37:24,440 - hybrid.data.streaming_dataset - ERROR - Invalid coordinate tensor shape for proteinmpnn/inputs/PDB_monomers/pdbs/6MRR.pdb: expected [B, L, 4, 3] or [L, 4, 3], got torch.Size([1, 68, 4, 3])
2025-12-03 03:37:24,452 - hybrid.data.streaming_dataset - ERROR - Invalid coordinate tensor shape for proteinmpnn/inputs/PDB_monomers/pdbs/5L33.pdb: expected [B, L, 4, 3] or [L, 4, 3], got torch.Size([1, 106, 4, 3])
2025-12-03 03:37:24,461 - hybrid.data.streaming_dataset - ERROR - Invalid coordinate tensor shape for proteinmpnn/inputs/PDB_monomers/pdbs/6MRR.pdb: expected [B, L, 4, 3] or [L, 4, 3], got torch.Size([1, 68, 4, 3])
2025-12-03 03:37:24,472 - hybrid.data.streaming_dataset - ERROR - Invalid coordinate tensor shape for proteinmpnn/inputs/PDB_monomers/pdbs/6MRR.pdb: expected [B, L, 4, 3] or [L, 4, 3], got torch.Size([1, 68, 4, 3])
2025-12-03 03:37:24,482 - hybrid.data.streaming_dataset - ERROR - Invalid coordinate tensor shape for proteinmpnn/inputs/PDB_monomers/pdbs/5L33.pdb: expected [B, L, 4, 3] or [L, 4, 3], got torch.Size([1, 106, 4, 3])
2025-12-03 03:37:24,493 - hybrid.data.streaming_dataset - ERROR - Invalid coordinate tensor shape for proteinmpnn/inputs/PDB_monomers/pdbs/6MRR.pdb: expected [B, L, 4, 3] or [L, 4, 3], got torch.Size([1, 68, 4, 3])
2025-12-03 03:37:24,504 - hybrid.data.streaming_dataset - ERROR - Invalid coordinate tensor shape for proteinmpnn/inputs/PDB_monomers/pdbs/6MRR.pdb: expected [B, L, 4, 3] or [L, 4, 3], got torch.Size([1, 68, 4, 3])
2025-12-03 03:37:24,520 - hybrid.data.streaming_dataset - ERROR - Invalid coordinate tensor shape for proteinmpnn/inputs/PDB_monomers/pdbs/6MRR.pdb: expected [B, L, 4, 3] or [L, 4, 3], got torch.Size([1, 68, 4, 3])
2025-12-03 03:37:24,536 - hybrid.data.streaming_dataset - ERROR - Invalid coordinate tensor shape for proteinmpnn/inputs/PDB_monomers/pdbs/5L33.pdb: expected [B, L, 4, 3] or [L, 4, 3], got torch.Size([1, 106, 4, 3])
2025-12-03 03:37:24,545 - hybrid.data.streaming_dataset - ERROR - Invalid coordinate tensor shape for proteinmpnn/inputs/PDB_monomers/pdbs/6MRR.pdb: expected [B, L, 4, 3] or [L, 4, 3], got torch.Size([1, 68, 4, 3])
2025-12-03 03:37:24,546 - hybrid.data.streaming_dataset - WARNING - Failed to generate positive sample after maximum attempts
2025-12-03 03:37:25,259 - hybrid.data.streaming_dataset - ERROR - Invalid coordinate tensor shape for proteinmpnn/inputs/PDB_monomers/pdbs/6MRR.pdb: expected [B, L, 4, 3] or [L, 4, 3], got torch.Size([1, 68, 4, 3])
2025-12-03 03:37:25,270 - hybrid.data.streaming_dataset - ERROR - Invalid coordinate tensor shape for proteinmpnn/inputs/PDB_monomers/pdbs/6MRR.pdb: expected [B, L, 4, 3] or [L, 4, 3], got torch.Size([1, 68, 4, 3])
2025-12-03 03:37:25,278 - hybrid.data.streaming_dataset - ERROR - Invalid coordinate tensor shape for proteinmpnn/inputs/PDB_monomers/pdbs/6MRR.pdb: expected [B, L, 4, 3] or [L, 4, 3], got torch.Size([1, 68, 4, 3])
2025-12-03 03:37:25,285 - hybrid.data.streaming_dataset - ERROR - Invalid coordinate tensor shape for proteinmpnn/inputs/PDB_monomers/pdbs/6MRR.pdb: expected [B, L, 4, 3] or [L, 4, 3], got torch.Size([1, 68, 4, 3])
2025-12-03 03:37:25,291 - hybrid.data.streaming_dataset - ERROR - Invalid coordinate tensor shape for proteinmpnn/inputs/PDB_monomers/pdbs/6MRR.pdb: expected [B, L, 4, 3] or [L, 4, 3], got torch.Size([1, 68, 4, 3])
2025-12-03 03:37:25,299 - hybrid.data.streaming_dataset - ERROR - Invalid coordinate tensor shape for proteinmpnn/inputs/PDB_monomers/pdbs/6MRR.pdb: expected [B, L, 4, 3] or [L, 4, 3], got torch.Size([1, 68, 4, 3])
2025-12-03 03:37:25,306 - hybrid.data.streaming_dataset - ERROR - Invalid coordinate tensor shape for proteinmpnn/inputs/PDB_monomers/pdbs/5L33.pdb: expected [B, L, 4, 3] or [L, 4, 3], got torch.Size([1, 106, 4, 3])
2025-12-03 03:37:25,314 - hybrid.data.streaming_dataset - ERROR - Invalid coordinate tensor shape for proteinmpnn/inputs/PDB_monomers/pdbs/5L33.pdb: expected [B, L, 4, 3] or [L, 4, 3], got torch.Size([1, 106, 4, 3])
2025-12-03 03:37:25,323 - hybrid.data.streaming_dataset - ERROR - Invalid coordinate tensor shape for proteinmpnn/inputs/PDB_monomers/pdbs/6MRR.pdb: expected [B, L, 4, 3] or [L, 4, 3], got torch.Size([1, 68, 4, 3])
2025-12-03 03:37:25,353 - hybrid.data.streaming_dataset - ERROR - Invalid coordinate tensor shape for proteinmpnn/inputs/PDB_monomers/pdbs/6MRR.pdb: expected [B, L, 4, 3] or [L, 4, 3], got torch.Size([1, 68, 4, 3])
2025-12-03 03:37:25,353 - hybrid.data.streaming_dataset - WARNING - Failed to generate positive sample after maximum attempts
2025-12-03 03:37:25,369 - hybrid.data.streaming_dataset - ERROR - Invalid coordinate tensor shape for proteinmpnn/inputs/PDB_monomers/pdbs/6MRR.pdb: expected [B, L, 4, 3] or [L, 4, 3], got torch.Size([1, 68, 4, 3])
2025-12-03 03:37:25,385 - hybrid.data.streaming_dataset - ERROR - Invalid coordinate tensor shape for proteinmpnn/inputs/PDB_monomers/pdbs/6MRR.pdb: expected [B, L, 4, 3] or [L, 4, 3], got torch.Size([1, 68, 4, 3])
2025-12-03 03:37:25,392 - hybrid.data.streaming_dataset - ERROR - Invalid coordinate tensor shape for proteinmpnn/inputs/PDB_monomers/pdbs/5L33.pdb: expected [B, L, 4, 3] or [L, 4, 3], got torch.Size([1, 106, 4, 3])
2025-12-03 03:37:25,402 - hybrid.data.streaming_dataset - ERROR - Invalid coordinate tensor shape for proteinmpnn/inputs/PDB_monomers/pdbs/6MRR.pdb: expected [B, L, 4, 3] or [L, 4, 3], got torch.Size([1, 68, 4, 3])
2025-12-03 03:37:25,418 - hybrid.data.streaming_dataset - ERROR - Invalid coordinate tensor shape for proteinmpnn/inputs/PDB_monomers/pdbs/6MRR.pdb: expected [B, L, 4, 3] or [L, 4, 3], got torch.Size([1, 68, 4, 3])
2025-12-03 03:37:25,438 - hybrid.data.streaming_dataset - ERROR - Invalid coordinate tensor shape for proteinmpnn/inputs/PDB_monomers/pdbs/5L33.pdb: expected [B, L, 4, 3] or [L, 4, 3], got torch.Size([1, 106, 4, 3])
2025-12-03 03:37:25,460 - hybrid.data.streaming_dataset - ERROR - Invalid coordinate tensor shape for proteinmpnn/inputs/PDB_monomers/pdbs/6MRR.pdb: expected [B, L, 4, 3] or [L, 4, 3], got torch.Size([1, 68, 4, 3])
2025-12-03 03:37:25,485 - hybrid.data.streaming_dataset - ERROR - Invalid coordinate tensor shape for proteinmpnn/inputs/PDB_monomers/pdbs/5L33.pdb: expected [B, L, 4, 3] or [L, 4, 3], got torch.Size([1, 106, 4, 3])
2025-12-03 03:37:25,498 - hybrid.data.streaming_dataset - ERROR - Invalid coordinate tensor shape for proteinmpnn/inputs/PDB_monomers/pdbs/6MRR.pdb: expected [B, L, 4, 3] or [L, 4, 3], got torch.Size([1, 68, 4, 3])
2025-12-03 03:37:25,514 - hybrid.data.streaming_dataset - ERROR - Invalid coordinate tensor shape for proteinmpnn/inputs/PDB_monomers/pdbs/6MRR.pdb: expected [B, L, 4, 3] or [L, 4, 3], got torch.Size([1, 68, 4, 3])
2025-12-03 03:37:25,515 - hybrid.data.streaming_dataset - WARNING - Failed to generate positive sample after maximum attempts
2025-12-03 03:37:26,695 - hybrid.data.streaming_dataset - ERROR - Invalid coordinate tensor shape for proteinmpnn/inputs/PDB_monomers/pdbs/6MRR.pdb: expected [B, L, 4, 3] or [L, 4, 3], got torch.Size([1, 68, 4, 3])
2025-12-03 03:37:26,709 - hybrid.data.streaming_dataset - ERROR - Invalid coordinate tensor shape for proteinmpnn/inputs/PDB_monomers/pdbs/5L33.pdb: expected [B, L, 4, 3] or [L, 4, 3], got torch.Size([1, 106, 4, 3])
2025-12-03 03:37:26,718 - hybrid.data.streaming_dataset - ERROR - Invalid coordinate tensor shape for proteinmpnn/inputs/PDB_monomers/pdbs/5L33.pdb: expected [B, L, 4, 3] or [L, 4, 3], got torch.Size([1, 106, 4, 3])
2025-12-03 03:37:26,726 - hybrid.data.streaming_dataset - ERROR - Invalid coordinate tensor shape for proteinmpnn/inputs/PDB_monomers/pdbs/5L33.pdb: expected [B, L, 4, 3] or [L, 4, 3], got torch.Size([1, 106, 4, 3])
2025-12-03 03:37:26,733 - hybrid.data.streaming_dataset - ERROR - Invalid coordinate tensor shape for proteinmpnn/inputs/PDB_monomers/pdbs/5L33.pdb: expected [B, L, 4, 3] or [L, 4, 3], got torch.Size([1, 106, 4, 3])
2025-12-03 03:37:26,746 - hybrid.data.streaming_dataset - ERROR - Invalid coordinate tensor shape for proteinmpnn/inputs/PDB_monomers/pdbs/6MRR.pdb: expected [B, L, 4, 3] or [L, 4, 3], got torch.Size([1, 68, 4, 3])
2025-12-03 03:37:26,754 - hybrid.data.streaming_dataset - ERROR - Invalid coordinate tensor shape for proteinmpnn/inputs/PDB_monomers/pdbs/6MRR.pdb: expected [B, L, 4, 3] or [L, 4, 3], got torch.Size([1, 68, 4, 3])
2025-12-03 03:37:26,760 - hybrid.data.streaming_dataset - ERROR - Invalid coordinate tensor shape for proteinmpnn/inputs/PDB_monomers/pdbs/5L33.pdb: expected [B, L, 4, 3] or [L, 4, 3], got torch.Size([1, 106, 4, 3])
2025-12-03 03:37:26,767 - hybrid.data.streaming_dataset - ERROR - Invalid coordinate tensor shape for proteinmpnn/inputs/PDB_monomers/pdbs/6MRR.pdb: expected [B, L, 4, 3] or [L, 4, 3], got torch.Size([1, 68, 4, 3])
2025-12-03 03:37:26,773 - hybrid.data.streaming_dataset - ERROR - Invalid coordinate tensor shape for proteinmpnn/inputs/PDB_monomers/pdbs/6MRR.pdb: expected [B, L, 4, 3] or [L, 4, 3], got torch.Size([1, 68, 4, 3])
2025-12-03 03:37:26,773 - hybrid.data.streaming_dataset - WARNING - Failed to generate positive sample after maximum attempts
2025-12-03 03:37:28,737 - hybrid.data.streaming_dataset - ERROR - Invalid coordinate tensor shape for proteinmpnn/inputs/PDB_monomers/pdbs/5L33.pdb: expected [B, L, 4, 3] or [L, 4, 3], got torch.Size([1, 106, 4, 3])
2025-12-03 03:37:28,772 - hybrid.data.streaming_dataset - ERROR - Invalid coordinate tensor shape for proteinmpnn/inputs/PDB_monomers/pdbs/6MRR.pdb: expected [B, L, 4, 3] or [L, 4, 3], got torch.Size([1, 68, 4, 3])
2025-12-03 03:37:28,810 - hybrid.data.streaming_dataset - ERROR - Invalid coordinate tensor shape for proteinmpnn/inputs/PDB_monomers/pdbs/5L33.pdb: expected [B, L, 4, 3] or [L, 4, 3], got torch.Size([1, 106, 4, 3])
2025-12-03 03:37:28,822 - hybrid.data.streaming_dataset - ERROR - Invalid coordinate tensor shape for proteinmpnn/inputs/PDB_monomers/pdbs/6MRR.pdb: expected [B, L, 4, 3] or [L, 4, 3], got torch.Size([1, 68, 4, 3])
2025-12-03 03:37:28,834 - hybrid.data.streaming_dataset - ERROR - Invalid coordinate tensor shape for proteinmpnn/inputs/PDB_monomers/pdbs/5L33.pdb: expected [B, L, 4, 3] or [L, 4, 3], got torch.Size([1, 106, 4, 3])
2025-12-03 03:37:28,844 - hybrid.data.streaming_dataset - ERROR - Invalid coordinate tensor shape for proteinmpnn/inputs/PDB_monomers/pdbs/6MRR.pdb: expected [B, L, 4, 3] or [L, 4, 3], got torch.Size([1, 68, 4, 3])
2025-12-03 03:37:28,854 - hybrid.data.streaming_dataset - ERROR - Invalid coordinate tensor shape for proteinmpnn/inputs/PDB_monomers/pdbs/6MRR.pdb: expected [B, L, 4, 3] or [L, 4, 3], got torch.Size([1, 68, 4, 3])
2025-12-03 03:37:28,864 - hybrid.data.streaming_dataset - ERROR - Invalid coordinate tensor shape for proteinmpnn/inputs/PDB_monomers/pdbs/6MRR.pdb: expected [B, L, 4, 3] or [L, 4, 3], got torch.Size([1, 68, 4, 3])
2025-12-03 03:37:28,875 - hybrid.data.streaming_dataset - ERROR - Invalid coordinate tensor shape for proteinmpnn/inputs/PDB_monomers/pdbs/6MRR.pdb: expected [B, L, 4, 3] or [L, 4, 3], got torch.Size([1, 68, 4, 3])
2025-12-03 03:37:28,884 - hybrid.data.streaming_dataset - ERROR - Invalid coordinate tensor shape for proteinmpnn/inputs/PDB_monomers/pdbs/6MRR.pdb: expected [B, L, 4, 3] or [L, 4, 3], got torch.Size([1, 68, 4, 3])
2025-12-03 03:37:28,884 - hybrid.data.streaming_dataset - WARNING - Failed to generate positive sample after maximum attempts
2025-12-03 03:37:28,895 - hybrid.data.streaming_dataset - ERROR - Invalid coordinate tensor shape for proteinmpnn/inputs/PDB_monomers/pdbs/6MRR.pdb: expected [B, L, 4, 3] or [L, 4, 3], got torch.Size([1, 68, 4, 3])
2025-12-03 03:37:28,904 - hybrid.data.streaming_dataset - ERROR - Invalid coordinate tensor shape for proteinmpnn/inputs/PDB_monomers/pdbs/6MRR.pdb: expected [B, L, 4, 3] or [L, 4, 3], got torch.Size([1, 68, 4, 3])
2025-12-03 03:37:28,913 - hybrid.data.streaming_dataset - ERROR - Invalid coordinate tensor shape for proteinmpnn/inputs/PDB_monomers/pdbs/6MRR.pdb: expected [B, L, 4, 3] or [L, 4, 3], got torch.Size([1, 68, 4, 3])
2025-12-03 03:37:28,922 - hybrid.data.streaming_dataset - ERROR - Invalid coordinate tensor shape for proteinmpnn/inputs/PDB_monomers/pdbs/6MRR.pdb: expected [B, L, 4, 3] or [L, 4, 3], got torch.Size([1, 68, 4, 3])
2025-12-03 03:37:28,932 - hybrid.data.streaming_dataset - ERROR - Invalid coordinate tensor shape for proteinmpnn/inputs/PDB_monomers/pdbs/6MRR.pdb: expected [B, L, 4, 3] or [L, 4, 3], got torch.Size([1, 68, 4, 3])
2025-12-03 03:37:28,943 - hybrid.data.streaming_dataset - ERROR - Invalid coordinate tensor shape for proteinmpnn/inputs/PDB_monomers/pdbs/6MRR.pdb: expected [B, L, 4, 3] or [L, 4, 3], got torch.Size([1, 68, 4, 3])
2025-12-03 03:37:28,960 - hybrid.data.streaming_dataset - ERROR - Invalid coordinate tensor shape for proteinmpnn/inputs/PDB_monomers/pdbs/5L33.pdb: expected [B, L, 4, 3] or [L, 4, 3], got torch.Size([1, 106, 4, 3])
2025-12-03 03:37:28,968 - hybrid.data.streaming_dataset - ERROR - Invalid coordinate tensor shape for proteinmpnn/inputs/PDB_monomers/pdbs/5L33.pdb: expected [B, L, 4, 3] or [L, 4, 3], got torch.Size([1, 106, 4, 3])
2025-12-03 03:37:28,976 - hybrid.data.streaming_dataset - ERROR - Invalid coordinate tensor shape for proteinmpnn/inputs/PDB_monomers/pdbs/5L33.pdb: expected [B, L, 4, 3] or [L, 4, 3], got torch.Size([1, 106, 4, 3])
2025-12-03 03:37:28,984 - hybrid.data.streaming_dataset - ERROR - Invalid coordinate tensor shape for proteinmpnn/inputs/PDB_monomers/pdbs/6MRR.pdb: expected [B, L, 4, 3] or [L, 4, 3], got torch.Size([1, 68, 4, 3])
2025-12-03 03:37:28,984 - hybrid.data.streaming_dataset - WARNING - Failed to generate positive sample after maximum attempts
2025-12-03 03:37:28,990 - hybrid.data.streaming_dataset - ERROR - Invalid coordinate tensor shape for proteinmpnn/inputs/PDB_monomers/pdbs/5L33.pdb: expected [B, L, 4, 3] or [L, 4, 3], got torch.Size([1, 106, 4, 3])
2025-12-03 03:37:28,997 - hybrid.data.streaming_dataset - ERROR - Invalid coordinate tensor shape for proteinmpnn/inputs/PDB_monomers/pdbs/5L33.pdb: expected [B, L, 4, 3] or [L, 4, 3], got torch.Size([1, 106, 4, 3])
2025-12-03 03:37:29,005 - hybrid.data.streaming_dataset - ERROR - Invalid coordinate tensor shape for proteinmpnn/inputs/PDB_monomers/pdbs/5L33.pdb: expected [B, L, 4, 3] or [L, 4, 3], got torch.Size([1, 106, 4, 3])
2025-12-03 03:37:29,014 - hybrid.data.streaming_dataset - ERROR - Invalid coordinate tensor shape for proteinmpnn/inputs/PDB_monomers/pdbs/6MRR.pdb: expected [B, L, 4, 3] or [L, 4, 3], got torch.Size([1, 68, 4, 3])
2025-12-03 03:37:29,024 - hybrid.data.streaming_dataset - ERROR - Invalid coordinate tensor shape for proteinmpnn/inputs/PDB_monomers/pdbs/6MRR.pdb: expected [B, L, 4, 3] or [L, 4, 3], got torch.Size([1, 68, 4, 3])
2025-12-03 03:37:29,034 - hybrid.data.streaming_dataset - ERROR - Invalid coordinate tensor shape for proteinmpnn/inputs/PDB_monomers/pdbs/6MRR.pdb: expected [B, L, 4, 3] or [L, 4, 3], got torch.Size([1, 68, 4, 3])
2025-12-03 03:37:29,042 - hybrid.data.streaming_dataset - ERROR - Invalid coordinate tensor shape for proteinmpnn/inputs/PDB_monomers/pdbs/5L33.pdb: expected [B, L, 4, 3] or [L, 4, 3], got torch.Size([1, 106, 4, 3])
2025-12-03 03:37:29,050 - hybrid.data.streaming_dataset - ERROR - Invalid coordinate tensor shape for proteinmpnn/inputs/PDB_monomers/pdbs/5L33.pdb: expected [B, L, 4, 3] or [L, 4, 3], got torch.Size([1, 106, 4, 3])
2025-12-03 03:37:29,056 - hybrid.data.streaming_dataset - ERROR - Invalid coordinate tensor shape for proteinmpnn/inputs/PDB_monomers/pdbs/6MRR.pdb: expected [B, L, 4, 3] or [L, 4, 3], got torch.Size([1, 68, 4, 3])
2025-12-03 03:37:29,065 - hybrid.data.streaming_dataset - ERROR - Invalid coordinate tensor shape for proteinmpnn/inputs/PDB_monomers/pdbs/5L33.pdb: expected [B, L, 4, 3] or [L, 4, 3], got torch.Size([1, 106, 4, 3])
2025-12-03 03:37:29,065 - hybrid.data.streaming_dataset - WARNING - Failed to generate positive sample after maximum attempts
2025-12-03 03:37:30,008 - hybrid.data.streaming_dataset - ERROR - Invalid coordinate tensor shape for proteinmpnn/inputs/PDB_monomers/pdbs/5L33.pdb: expected [B, L, 4, 3] or [L, 4, 3], got torch.Size([1, 106, 4, 3])
2025-12-03 03:37:30,016 - hybrid.data.streaming_dataset - ERROR - Invalid coordinate tensor shape for proteinmpnn/inputs/PDB_monomers/pdbs/6MRR.pdb: expected [B, L, 4, 3] or [L, 4, 3], got torch.Size([1, 68, 4, 3])
2025-12-03 03:37:30,024 - hybrid.data.streaming_dataset - ERROR - Invalid coordinate tensor shape for proteinmpnn/inputs/PDB_monomers/pdbs/5L33.pdb: expected [B, L, 4, 3] or [L, 4, 3], got torch.Size([1, 106, 4, 3])
2025-12-03 03:37:30,032 - hybrid.data.streaming_dataset - ERROR - Invalid coordinate tensor shape for proteinmpnn/inputs/PDB_monomers/pdbs/5L33.pdb: expected [B, L, 4, 3] or [L, 4, 3], got torch.Size([1, 106, 4, 3])
2025-12-03 03:37:30,044 - hybrid.data.streaming_dataset - ERROR - Invalid coordinate tensor shape for proteinmpnn/inputs/PDB_monomers/pdbs/6MRR.pdb: expected [B, L, 4, 3] or [L, 4, 3], got torch.Size([1, 68, 4, 3])
2025-12-03 03:37:30,051 - hybrid.data.streaming_dataset - ERROR - Invalid coordinate tensor shape for proteinmpnn/inputs/PDB_monomers/pdbs/5L33.pdb: expected [B, L, 4, 3] or [L, 4, 3], got torch.Size([1, 106, 4, 3])
2025-12-03 03:37:30,058 - hybrid.data.streaming_dataset - ERROR - Invalid coordinate tensor shape for proteinmpnn/inputs/PDB_monomers/pdbs/6MRR.pdb: expected [B, L, 4, 3] or [L, 4, 3], got torch.Size([1, 68, 4, 3])
2025-12-03 03:37:30,089 - hybrid.data.streaming_dataset - ERROR - Invalid coordinate tensor shape for proteinmpnn/inputs/PDB_monomers/pdbs/5L33.pdb: expected [B, L, 4, 3] or [L, 4, 3], got torch.Size([1, 106, 4, 3])
2025-12-03 03:37:30,106 - hybrid.data.streaming_dataset - ERROR - Invalid coordinate tensor shape for proteinmpnn/inputs/PDB_monomers/pdbs/5L33.pdb: expected [B, L, 4, 3] or [L, 4, 3], got torch.Size([1, 106, 4, 3])
2025-12-03 03:37:30,133 - hybrid.data.streaming_dataset - ERROR - Invalid coordinate tensor shape for proteinmpnn/inputs/PDB_monomers/pdbs/6MRR.pdb: expected [B, L, 4, 3] or [L, 4, 3], got torch.Size([1, 68, 4, 3])
2025-12-03 03:37:30,133 - hybrid.data.streaming_dataset - WARNING - Failed to generate positive sample after maximum attempts
2025-12-03 03:37:32,204 - hybrid.data.streaming_dataset - ERROR - Invalid coordinate tensor shape for proteinmpnn/inputs/PDB_monomers/pdbs/5L33.pdb: expected [B, L, 4, 3] or [L, 4, 3], got torch.Size([1, 106, 4, 3])
2025-12-03 03:37:32,213 - hybrid.data.streaming_dataset - ERROR - Invalid coordinate tensor shape for proteinmpnn/inputs/PDB_monomers/pdbs/6MRR.pdb: expected [B, L, 4, 3] or [L, 4, 3], got torch.Size([1, 68, 4, 3])
2025-12-03 03:37:32,224 - hybrid.data.streaming_dataset - ERROR - Invalid coordinate tensor shape for proteinmpnn/inputs/PDB_monomers/pdbs/6MRR.pdb: expected [B, L, 4, 3] or [L, 4, 3], got torch.Size([1, 68, 4, 3])
2025-12-03 03:37:32,236 - hybrid.data.streaming_dataset - ERROR - Invalid coordinate tensor shape for proteinmpnn/inputs/PDB_monomers/pdbs/5L33.pdb: expected [B, L, 4, 3] or [L, 4, 3], got torch.Size([1, 106, 4, 3])
2025-12-03 03:37:32,243 - hybrid.data.streaming_dataset - ERROR - Invalid coordinate tensor shape for proteinmpnn/inputs/PDB_monomers/pdbs/5L33.pdb: expected [B, L, 4, 3] or [L, 4, 3], got torch.Size([1, 106, 4, 3])
2025-12-03 03:37:32,253 - hybrid.data.streaming_dataset - ERROR - Invalid coordinate tensor shape for proteinmpnn/inputs/PDB_monomers/pdbs/6MRR.pdb: expected [B, L, 4, 3] or [L, 4, 3], got torch.Size([1, 68, 4, 3])
2025-12-03 03:37:32,263 - hybrid.data.streaming_dataset - ERROR - Invalid coordinate tensor shape for proteinmpnn/inputs/PDB_monomers/pdbs/6MRR.pdb: expected [B, L, 4, 3] or [L, 4, 3], got torch.Size([1, 68, 4, 3])
2025-12-03 03:37:32,274 - hybrid.data.streaming_dataset - ERROR - Invalid coordinate tensor shape for proteinmpnn/inputs/PDB_monomers/pdbs/5L33.pdb: expected [B, L, 4, 3] or [L, 4, 3], got torch.Size([1, 106, 4, 3])
2025-12-03 03:37:32,295 - hybrid.data.streaming_dataset - ERROR - Invalid coordinate tensor shape for proteinmpnn/inputs/PDB_monomers/pdbs/5L33.pdb: expected [B, L, 4, 3] or [L, 4, 3], got torch.Size([1, 106, 4, 3])
2025-12-03 03:37:32,304 - hybrid.data.streaming_dataset - ERROR - Invalid coordinate tensor shape for proteinmpnn/inputs/PDB_monomers/pdbs/5L33.pdb: expected [B, L, 4, 3] or [L, 4, 3], got torch.Size([1, 106, 4, 3])
2025-12-03 03:37:32,304 - hybrid.data.streaming_dataset - WARNING - Failed to generate positive sample after maximum attempts
2025-12-03 03:37:32,736 - hybrid.data.streaming_dataset - ERROR - Invalid coordinate tensor shape for proteinmpnn/inputs/PDB_monomers/pdbs/6MRR.pdb: expected [B, L, 4, 3] or [L, 4, 3], got torch.Size([1, 68, 4, 3])
2025-12-03 03:37:32,749 - hybrid.data.streaming_dataset - ERROR - Invalid coordinate tensor shape for proteinmpnn/inputs/PDB_monomers/pdbs/5L33.pdb: expected [B, L, 4, 3] or [L, 4, 3], got torch.Size([1, 106, 4, 3])
2025-12-03 03:37:32,757 - hybrid.data.streaming_dataset - ERROR - Invalid coordinate tensor shape for proteinmpnn/inputs/PDB_monomers/pdbs/5L33.pdb: expected [B, L, 4, 3] or [L, 4, 3], got torch.Size([1, 106, 4, 3])
2025-12-03 03:37:32,765 - hybrid.data.streaming_dataset - ERROR - Invalid coordinate tensor shape for proteinmpnn/inputs/PDB_monomers/pdbs/5L33.pdb: expected [B, L, 4, 3] or [L, 4, 3], got torch.Size([1, 106, 4, 3])
2025-12-03 03:37:32,773 - hybrid.data.streaming_dataset - ERROR - Invalid coordinate tensor shape for proteinmpnn/inputs/PDB_monomers/pdbs/6MRR.pdb: expected [B, L, 4, 3] or [L, 4, 3], got torch.Size([1, 68, 4, 3])
2025-12-03 03:37:32,784 - hybrid.data.streaming_dataset - ERROR - Invalid coordinate tensor shape for proteinmpnn/inputs/PDB_monomers/pdbs/5L33.pdb: expected [B, L, 4, 3] or [L, 4, 3], got torch.Size([1, 106, 4, 3])
2025-12-03 03:37:32,791 - hybrid.data.streaming_dataset - ERROR - Invalid coordinate tensor shape for proteinmpnn/inputs/PDB_monomers/pdbs/6MRR.pdb: expected [B, L, 4, 3] or [L, 4, 3], got torch.Size([1, 68, 4, 3])
2025-12-03 03:37:32,800 - hybrid.data.streaming_dataset - ERROR - Invalid coordinate tensor shape for proteinmpnn/inputs/PDB_monomers/pdbs/6MRR.pdb: expected [B, L, 4, 3] or [L, 4, 3], got torch.Size([1, 68, 4, 3])
2025-12-03 03:37:32,810 - hybrid.data.streaming_dataset - ERROR - Invalid coordinate tensor shape for proteinmpnn/inputs/PDB_monomers/pdbs/6MRR.pdb: expected [B, L, 4, 3] or [L, 4, 3], got torch.Size([1, 68, 4, 3])
2025-12-03 03:37:32,823 - hybrid.data.streaming_dataset - ERROR - Invalid coordinate tensor shape for proteinmpnn/inputs/PDB_monomers/pdbs/6MRR.pdb: expected [B, L, 4, 3] or [L, 4, 3], got torch.Size([1, 68, 4, 3])
2025-12-03 03:37:32,823 - hybrid.data.streaming_dataset - WARNING - Failed to generate positive sample after maximum attempts
2025-12-03 03:37:32,832 - hybrid.data.streaming_dataset - ERROR - Invalid coordinate tensor shape for proteinmpnn/inputs/PDB_monomers/pdbs/6MRR.pdb: expected [B, L, 4, 3] or [L, 4, 3], got torch.Size([1, 68, 4, 3])
2025-12-03 03:37:32,841 - hybrid.data.streaming_dataset - ERROR - Invalid coordinate tensor shape for proteinmpnn/inputs/PDB_monomers/pdbs/6MRR.pdb: expected [B, L, 4, 3] or [L, 4, 3], got torch.Size([1, 68, 4, 3])
2025-12-03 03:37:32,858 - hybrid.data.streaming_dataset - ERROR - Invalid coordinate tensor shape for proteinmpnn/inputs/PDB_monomers/pdbs/5L33.pdb: expected [B, L, 4, 3] or [L, 4, 3], got torch.Size([1, 106, 4, 3])
2025-12-03 03:37:32,871 - hybrid.data.streaming_dataset - ERROR - Invalid coordinate tensor shape for proteinmpnn/inputs/PDB_monomers/pdbs/5L33.pdb: expected [B, L, 4, 3] or [L, 4, 3], got torch.Size([1, 106, 4, 3])
2025-12-03 03:37:32,878 - hybrid.data.streaming_dataset - ERROR - Invalid coordinate tensor shape for proteinmpnn/inputs/PDB_monomers/pdbs/5L33.pdb: expected [B, L, 4, 3] or [L, 4, 3], got torch.Size([1, 106, 4, 3])
2025-12-03 03:37:32,885 - hybrid.data.streaming_dataset - ERROR - Invalid coordinate tensor shape for proteinmpnn/inputs/PDB_monomers/pdbs/5L33.pdb: expected [B, L, 4, 3] or [L, 4, 3], got torch.Size([1, 106, 4, 3])
2025-12-03 03:37:32,894 - hybrid.data.streaming_dataset - ERROR - Invalid coordinate tensor shape for proteinmpnn/inputs/PDB_monomers/pdbs/6MRR.pdb: expected [B, L, 4, 3] or [L, 4, 3], got torch.Size([1, 68, 4, 3])
2025-12-03 03:37:32,904 - hybrid.data.streaming_dataset - ERROR - Invalid coordinate tensor shape for proteinmpnn/inputs/PDB_monomers/pdbs/5L33.pdb: expected [B, L, 4, 3] or [L, 4, 3], got torch.Size([1, 106, 4, 3])
2025-12-03 03:37:32,911 - hybrid.data.streaming_dataset - ERROR - Invalid coordinate tensor shape for proteinmpnn/inputs/PDB_monomers/pdbs/5L33.pdb: expected [B, L, 4, 3] or [L, 4, 3], got torch.Size([1, 106, 4, 3])
2025-12-03 03:37:32,919 - hybrid.data.streaming_dataset - ERROR - Invalid coordinate tensor shape for proteinmpnn/inputs/PDB_monomers/pdbs/5L33.pdb: expected [B, L, 4, 3] or [L, 4, 3], got torch.Size([1, 106, 4, 3])
2025-12-03 03:37:32,919 - hybrid.data.streaming_dataset - WARNING - Failed to generate positive sample after maximum attempts
2025-12-03 03:37:32,929 - hybrid.data.streaming_dataset - ERROR - Invalid coordinate tensor shape for proteinmpnn/inputs/PDB_monomers/pdbs/5L33.pdb: expected [B, L, 4, 3] or [L, 4, 3], got torch.Size([1, 106, 4, 3])
2025-12-03 03:37:32,940 - hybrid.data.streaming_dataset - ERROR - Invalid coordinate tensor shape for proteinmpnn/inputs/PDB_monomers/pdbs/6MRR.pdb: expected [B, L, 4, 3] or [L, 4, 3], got torch.Size([1, 68, 4, 3])
2025-12-03 03:37:32,951 - hybrid.data.streaming_dataset - ERROR - Invalid coordinate tensor shape for proteinmpnn/inputs/PDB_monomers/pdbs/6MRR.pdb: expected [B, L, 4, 3] or [L, 4, 3], got torch.Size([1, 68, 4, 3])
2025-12-03 03:37:32,964 - hybrid.data.streaming_dataset - ERROR - Invalid coordinate tensor shape for proteinmpnn/inputs/PDB_monomers/pdbs/6MRR.pdb: expected [B, L, 4, 3] or [L, 4, 3], got torch.Size([1, 68, 4, 3])
2025-12-03 03:37:32,976 - hybrid.data.streaming_dataset - ERROR - Invalid coordinate tensor shape for proteinmpnn/inputs/PDB_monomers/pdbs/6MRR.pdb: expected [B, L, 4, 3] or [L, 4, 3], got torch.Size([1, 68, 4, 3])
2025-12-03 03:37:33,007 - hybrid.data.streaming_dataset - ERROR - Invalid coordinate tensor shape for proteinmpnn/inputs/PDB_monomers/pdbs/5L33.pdb: expected [B, L, 4, 3] or [L, 4, 3], got torch.Size([1, 106, 4, 3])
2025-12-03 03:37:33,017 - hybrid.data.streaming_dataset - ERROR - Invalid coordinate tensor shape for proteinmpnn/inputs/PDB_monomers/pdbs/5L33.pdb: expected [B, L, 4, 3] or [L, 4, 3], got torch.Size([1, 106, 4, 3])
2025-12-03 03:37:33,027 - hybrid.data.streaming_dataset - ERROR - Invalid coordinate tensor shape for proteinmpnn/inputs/PDB_monomers/pdbs/6MRR.pdb: expected [B, L, 4, 3] or [L, 4, 3], got torch.Size([1, 68, 4, 3])
2025-12-03 03:37:33,038 - hybrid.data.streaming_dataset - ERROR - Invalid coordinate tensor shape for proteinmpnn/inputs/PDB_monomers/pdbs/6MRR.pdb: expected [B, L, 4, 3] or [L, 4, 3], got torch.Size([1, 68, 4, 3])
2025-12-03 03:37:33,168 - hybrid.data.streaming_dataset - ERROR - Invalid coordinate tensor shape for proteinmpnn/inputs/PDB_monomers/pdbs/6MRR.pdb: expected [B, L, 4, 3] or [L, 4, 3], got torch.Size([1, 68, 4, 3])
2025-12-03 03:37:33,176 - hybrid.data.streaming_dataset - WARNING - Failed to generate positive sample after maximum attempts
2025-12-03 03:37:33,517 - hybrid.data.streaming_dataset - ERROR - Invalid coordinate tensor shape for proteinmpnn/inputs/PDB_monomers/pdbs/6MRR.pdb: expected [B, L, 4, 3] or [L, 4, 3], got torch.Size([1, 68, 4, 3])
2025-12-03 03:37:33,524 - hybrid.data.streaming_dataset - ERROR - Invalid coordinate tensor shape for proteinmpnn/inputs/PDB_monomers/pdbs/5L33.pdb: expected [B, L, 4, 3] or [L, 4, 3], got torch.Size([1, 106, 4, 3])
2025-12-03 03:37:33,531 - hybrid.data.streaming_dataset - ERROR - Invalid coordinate tensor shape for proteinmpnn/inputs/PDB_monomers/pdbs/6MRR.pdb: expected [B, L, 4, 3] or [L, 4, 3], got torch.Size([1, 68, 4, 3])
2025-12-03 03:37:33,539 - hybrid.data.streaming_dataset - ERROR - Invalid coordinate tensor shape for proteinmpnn/inputs/PDB_monomers/pdbs/5L33.pdb: expected [B, L, 4, 3] or [L, 4, 3], got torch.Size([1, 106, 4, 3])
2025-12-03 03:37:33,547 - hybrid.data.streaming_dataset - ERROR - Invalid coordinate tensor shape for proteinmpnn/inputs/PDB_monomers/pdbs/5L33.pdb: expected [B, L, 4, 3] or [L, 4, 3], got torch.Size([1, 106, 4, 3])
2025-12-03 03:37:33,555 - hybrid.data.streaming_dataset - ERROR - Invalid coordinate tensor shape for proteinmpnn/inputs/PDB_monomers/pdbs/5L33.pdb: expected [B, L, 4, 3] or [L, 4, 3], got torch.Size([1, 106, 4, 3])
2025-12-03 03:37:33,566 - hybrid.data.streaming_dataset - ERROR - Invalid coordinate tensor shape for proteinmpnn/inputs/PDB_monomers/pdbs/6MRR.pdb: expected [B, L, 4, 3] or [L, 4, 3], got torch.Size([1, 68, 4, 3])
2025-12-03 03:37:33,572 - hybrid.data.streaming_dataset - ERROR - Invalid coordinate tensor shape for proteinmpnn/inputs/PDB_monomers/pdbs/5L33.pdb: expected [B, L, 4, 3] or [L, 4, 3], got torch.Size([1, 106, 4, 3])
2025-12-03 03:37:33,578 - hybrid.data.streaming_dataset - ERROR - Invalid coordinate tensor shape for proteinmpnn/inputs/PDB_monomers/pdbs/5L33.pdb: expected [B, L, 4, 3] or [L, 4, 3], got torch.Size([1, 106, 4, 3])
2025-12-03 03:37:33,584 - hybrid.data.streaming_dataset - ERROR - Invalid coordinate tensor shape for proteinmpnn/inputs/PDB_monomers/pdbs/5L33.pdb: expected [B, L, 4, 3] or [L, 4, 3], got torch.Size([1, 106, 4, 3])
2025-12-03 03:37:33,584 - hybrid.data.streaming_dataset - WARNING - Failed to generate positive sample after maximum attempts
2025-12-03 03:37:33,590 - hybrid.data.streaming_dataset - ERROR - Invalid coordinate tensor shape for proteinmpnn/inputs/PDB_monomers/pdbs/6MRR.pdb: expected [B, L, 4, 3] or [L, 4, 3], got torch.Size([1, 68, 4, 3])
2025-12-03 03:37:33,597 - hybrid.data.streaming_dataset - ERROR - Invalid coordinate tensor shape for proteinmpnn/inputs/PDB_monomers/pdbs/6MRR.pdb: expected [B, L, 4, 3] or [L, 4, 3], got torch.Size([1, 68, 4, 3])
2025-12-03 03:37:33,603 - hybrid.data.streaming_dataset - ERROR - Invalid coordinate tensor shape for proteinmpnn/inputs/PDB_monomers/pdbs/5L33.pdb: expected [B, L, 4, 3] or [L, 4, 3], got torch.Size([1, 106, 4, 3])
2025-12-03 03:37:33,609 - hybrid.data.streaming_dataset - ERROR - Invalid coordinate tensor shape for proteinmpnn/inputs/PDB_monomers/pdbs/6MRR.pdb: expected [B, L, 4, 3] or [L, 4, 3], got torch.Size([1, 68, 4, 3])
2025-12-03 03:37:33,626 - hybrid.data.streaming_dataset - ERROR - Invalid coordinate tensor shape for proteinmpnn/inputs/PDB_monomers/pdbs/6MRR.pdb: expected [B, L, 4, 3] or [L, 4, 3], got torch.Size([1, 68, 4, 3])
2025-12-03 03:37:33,641 - hybrid.data.streaming_dataset - ERROR - Invalid coordinate tensor shape for proteinmpnn/inputs/PDB_monomers/pdbs/6MRR.pdb: expected [B, L, 4, 3] or [L, 4, 3], got torch.Size([1, 68, 4, 3])
2025-12-03 03:37:33,649 - hybrid.data.streaming_dataset - ERROR - Invalid coordinate tensor shape for proteinmpnn/inputs/PDB_monomers/pdbs/6MRR.pdb: expected [B, L, 4, 3] or [L, 4, 3], got torch.Size([1, 68, 4, 3])
2025-12-03 03:37:33,656 - hybrid.data.streaming_dataset - ERROR - Invalid coordinate tensor shape for proteinmpnn/inputs/PDB_monomers/pdbs/6MRR.pdb: expected [B, L, 4, 3] or [L, 4, 3], got torch.Size([1, 68, 4, 3])
2025-12-03 03:37:33,666 - hybrid.data.streaming_dataset - ERROR - Invalid coordinate tensor shape for proteinmpnn/inputs/PDB_monomers/pdbs/6MRR.pdb: expected [B, L, 4, 3] or [L, 4, 3], got torch.Size([1, 68, 4, 3])
2025-12-03 03:37:33,677 - hybrid.data.streaming_dataset - ERROR - Invalid coordinate tensor shape for proteinmpnn/inputs/PDB_monomers/pdbs/5L33.pdb: expected [B, L, 4, 3] or [L, 4, 3], got torch.Size([1, 106, 4, 3])
2025-12-03 03:37:33,678 - hybrid.data.streaming_dataset - WARNING - Failed to generate positive sample after maximum attempts
2025-12-03 03:37:35,057 - hybrid.data.streaming_dataset - ERROR - Invalid coordinate tensor shape for proteinmpnn/inputs/PDB_monomers/pdbs/6MRR.pdb: expected [B, L, 4, 3] or [L, 4, 3], got torch.Size([1, 68, 4, 3])
2025-12-03 03:37:35,070 - hybrid.data.streaming_dataset - ERROR - Invalid coordinate tensor shape for proteinmpnn/inputs/PDB_monomers/pdbs/6MRR.pdb: expected [B, L, 4, 3] or [L, 4, 3], got torch.Size([1, 68, 4, 3])
2025-12-03 03:37:35,080 - hybrid.data.streaming_dataset - ERROR - Invalid coordinate tensor shape for proteinmpnn/inputs/PDB_monomers/pdbs/5L33.pdb: expected [B, L, 4, 3] or [L, 4, 3], got torch.Size([1, 106, 4, 3])
2025-12-03 03:37:35,087 - hybrid.data.streaming_dataset - ERROR - Invalid coordinate tensor shape for proteinmpnn/inputs/PDB_monomers/pdbs/5L33.pdb: expected [B, L, 4, 3] or [L, 4, 3], got torch.Size([1, 106, 4, 3])
2025-12-03 03:37:35,093 - hybrid.data.streaming_dataset - ERROR - Invalid coordinate tensor shape for proteinmpnn/inputs/PDB_monomers/pdbs/5L33.pdb: expected [B, L, 4, 3] or [L, 4, 3], got torch.Size([1, 106, 4, 3])
2025-12-03 03:37:35,099 - hybrid.data.streaming_dataset - ERROR - Invalid coordinate tensor shape for proteinmpnn/inputs/PDB_monomers/pdbs/5L33.pdb: expected [B, L, 4, 3] or [L, 4, 3], got torch.Size([1, 106, 4, 3])
2025-12-03 03:37:35,107 - hybrid.data.streaming_dataset - ERROR - Invalid coordinate tensor shape for proteinmpnn/inputs/PDB_monomers/pdbs/6MRR.pdb: expected [B, L, 4, 3] or [L, 4, 3], got torch.Size([1, 68, 4, 3])
2025-12-03 03:37:35,113 - hybrid.data.streaming_dataset - ERROR - Invalid coordinate tensor shape for proteinmpnn/inputs/PDB_monomers/pdbs/5L33.pdb: expected [B, L, 4, 3] or [L, 4, 3], got torch.Size([1, 106, 4, 3])
2025-12-03 03:37:35,125 - hybrid.data.streaming_dataset - ERROR - Invalid coordinate tensor shape for proteinmpnn/inputs/PDB_monomers/pdbs/5L33.pdb: expected [B, L, 4, 3] or [L, 4, 3], got torch.Size([1, 106, 4, 3])
2025-12-03 03:37:35,133 - hybrid.data.streaming_dataset - ERROR - Invalid coordinate tensor shape for proteinmpnn/inputs/PDB_monomers/pdbs/6MRR.pdb: expected [B, L, 4, 3] or [L, 4, 3], got torch.Size([1, 68, 4, 3])
2025-12-03 03:37:35,133 - hybrid.data.streaming_dataset - WARNING - Failed to generate positive sample after maximum attempts
2025-12-03 03:37:36,646 - hybrid.data.streaming_dataset - ERROR - Invalid coordinate tensor shape for proteinmpnn/inputs/PDB_monomers/pdbs/6MRR.pdb: expected [B, L, 4, 3] or [L, 4, 3], got torch.Size([1, 68, 4, 3])
2025-12-03 03:37:36,653 - hybrid.data.streaming_dataset - ERROR - Invalid coordinate tensor shape for proteinmpnn/inputs/PDB_monomers/pdbs/5L33.pdb: expected [B, L, 4, 3] or [L, 4, 3], got torch.Size([1, 106, 4, 3])
2025-12-03 03:37:36,663 - hybrid.data.streaming_dataset - ERROR - Invalid coordinate tensor shape for proteinmpnn/inputs/PDB_monomers/pdbs/6MRR.pdb: expected [B, L, 4, 3] or [L, 4, 3], got torch.Size([1, 68, 4, 3])
2025-12-03 03:37:36,672 - hybrid.data.streaming_dataset - ERROR - Invalid coordinate tensor shape for proteinmpnn/inputs/PDB_monomers/pdbs/6MRR.pdb: expected [B, L, 4, 3] or [L, 4, 3], got torch.Size([1, 68, 4, 3])
2025-12-03 03:37:36,682 - hybrid.data.streaming_dataset - ERROR - Invalid coordinate tensor shape for proteinmpnn/inputs/PDB_monomers/pdbs/5L33.pdb: expected [B, L, 4, 3] or [L, 4, 3], got torch.Size([1, 106, 4, 3])
2025-12-03 03:37:36,692 - hybrid.data.streaming_dataset - ERROR - Invalid coordinate tensor shape for proteinmpnn/inputs/PDB_monomers/pdbs/6MRR.pdb: expected [B, L, 4, 3] or [L, 4, 3], got torch.Size([1, 68, 4, 3])
2025-12-03 03:37:36,704 - hybrid.data.streaming_dataset - ERROR - Invalid coordinate tensor shape for proteinmpnn/inputs/PDB_monomers/pdbs/6MRR.pdb: expected [B, L, 4, 3] or [L, 4, 3], got torch.Size([1, 68, 4, 3])
2025-12-03 03:37:36,716 - hybrid.data.streaming_dataset - ERROR - Invalid coordinate tensor shape for proteinmpnn/inputs/PDB_monomers/pdbs/6MRR.pdb: expected [B, L, 4, 3] or [L, 4, 3], got torch.Size([1, 68, 4, 3])
2025-12-03 03:37:36,726 - hybrid.data.streaming_dataset - ERROR - Invalid coordinate tensor shape for proteinmpnn/inputs/PDB_monomers/pdbs/6MRR.pdb: expected [B, L, 4, 3] or [L, 4, 3], got torch.Size([1, 68, 4, 3])
2025-12-03 03:37:36,735 - hybrid.data.streaming_dataset - ERROR - Invalid coordinate tensor shape for proteinmpnn/inputs/PDB_monomers/pdbs/6MRR.pdb: expected [B, L, 4, 3] or [L, 4, 3], got torch.Size([1, 68, 4, 3])
2025-12-03 03:37:36,735 - hybrid.data.streaming_dataset - WARNING - Failed to generate positive sample after maximum attempts
2025-12-03 03:37:36,743 - hybrid.data.streaming_dataset - ERROR - Invalid coordinate tensor shape for proteinmpnn/inputs/PDB_monomers/pdbs/5L33.pdb: expected [B, L, 4, 3] or [L, 4, 3], got torch.Size([1, 106, 4, 3])
2025-12-03 03:37:36,751 - hybrid.data.streaming_dataset - ERROR - Invalid coordinate tensor shape for proteinmpnn/inputs/PDB_monomers/pdbs/6MRR.pdb: expected [B, L, 4, 3] or [L, 4, 3], got torch.Size([1, 68, 4, 3])
2025-12-03 03:37:36,760 - hybrid.data.streaming_dataset - ERROR - Invalid coordinate tensor shape for proteinmpnn/inputs/PDB_monomers/pdbs/6MRR.pdb: expected [B, L, 4, 3] or [L, 4, 3], got torch.Size([1, 68, 4, 3])
2025-12-03 03:37:36,769 - hybrid.data.streaming_dataset - ERROR - Invalid coordinate tensor shape for proteinmpnn/inputs/PDB_monomers/pdbs/6MRR.pdb: expected [B, L, 4, 3] or [L, 4, 3], got torch.Size([1, 68, 4, 3])
2025-12-03 03:37:36,777 - hybrid.data.streaming_dataset - ERROR - Invalid coordinate tensor shape for proteinmpnn/inputs/PDB_monomers/pdbs/6MRR.pdb: expected [B, L, 4, 3] or [L, 4, 3], got torch.Size([1, 68, 4, 3])
2025-12-03 03:37:36,786 - hybrid.data.streaming_dataset - ERROR - Invalid coordinate tensor shape for proteinmpnn/inputs/PDB_monomers/pdbs/6MRR.pdb: expected [B, L, 4, 3] or [L, 4, 3], got torch.Size([1, 68, 4, 3])
2025-12-03 03:37:36,794 - hybrid.data.streaming_dataset - ERROR - Invalid coordinate tensor shape for proteinmpnn/inputs/PDB_monomers/pdbs/5L33.pdb: expected [B, L, 4, 3] or [L, 4, 3], got torch.Size([1, 106, 4, 3])
2025-12-03 03:37:36,802 - hybrid.data.streaming_dataset - ERROR - Invalid coordinate tensor shape for proteinmpnn/inputs/PDB_monomers/pdbs/6MRR.pdb: expected [B, L, 4, 3] or [L, 4, 3], got torch.Size([1, 68, 4, 3])
2025-12-03 03:37:36,839 - hybrid.data.streaming_dataset - ERROR - Invalid coordinate tensor shape for proteinmpnn/inputs/PDB_monomers/pdbs/5L33.pdb: expected [B, L, 4, 3] or [L, 4, 3], got torch.Size([1, 106, 4, 3])
2025-12-03 03:37:36,848 - hybrid.data.streaming_dataset - ERROR - Invalid coordinate tensor shape for proteinmpnn/inputs/PDB_monomers/pdbs/6MRR.pdb: expected [B, L, 4, 3] or [L, 4, 3], got torch.Size([1, 68, 4, 3])
2025-12-03 03:37:36,849 - hybrid.data.streaming_dataset - WARNING - Failed to generate positive sample after maximum attempts
2025-12-03 03:37:36,856 - hybrid.data.streaming_dataset - ERROR - Invalid coordinate tensor shape for proteinmpnn/inputs/PDB_monomers/pdbs/6MRR.pdb: expected [B, L, 4, 3] or [L, 4, 3], got torch.Size([1, 68, 4, 3])
2025-12-03 03:37:36,863 - hybrid.data.streaming_dataset - ERROR - Invalid coordinate tensor shape for proteinmpnn/inputs/PDB_monomers/pdbs/5L33.pdb: expected [B, L, 4, 3] or [L, 4, 3], got torch.Size([1, 106, 4, 3])
2025-12-03 03:37:36,870 - hybrid.data.streaming_dataset - ERROR - Invalid coordinate tensor shape for proteinmpnn/inputs/PDB_monomers/pdbs/6MRR.pdb: expected [B, L, 4, 3] or [L, 4, 3], got torch.Size([1, 68, 4, 3])
2025-12-03 03:37:36,879 - hybrid.data.streaming_dataset - ERROR - Invalid coordinate tensor shape for proteinmpnn/inputs/PDB_monomers/pdbs/6MRR.pdb: expected [B, L, 4, 3] or [L, 4, 3], got torch.Size([1, 68, 4, 3])
2025-12-03 03:37:36,892 - hybrid.data.streaming_dataset - ERROR - Invalid coordinate tensor shape for proteinmpnn/inputs/PDB_monomers/pdbs/5L33.pdb: expected [B, L, 4, 3] or [L, 4, 3], got torch.Size([1, 106, 4, 3])
2025-12-03 03:37:36,901 - hybrid.data.streaming_dataset - ERROR - Invalid coordinate tensor shape for proteinmpnn/inputs/PDB_monomers/pdbs/5L33.pdb: expected [B, L, 4, 3] or [L, 4, 3], got torch.Size([1, 106, 4, 3])
2025-12-03 03:37:36,911 - hybrid.data.streaming_dataset - ERROR - Invalid coordinate tensor shape for proteinmpnn/inputs/PDB_monomers/pdbs/6MRR.pdb: expected [B, L, 4, 3] or [L, 4, 3], got torch.Size([1, 68, 4, 3])
2025-12-03 03:37:36,920 - hybrid.data.streaming_dataset - ERROR - Invalid coordinate tensor shape for proteinmpnn/inputs/PDB_monomers/pdbs/6MRR.pdb: expected [B, L, 4, 3] or [L, 4, 3], got torch.Size([1, 68, 4, 3])
2025-12-03 03:37:36,928 - hybrid.data.streaming_dataset - ERROR - Invalid coordinate tensor shape for proteinmpnn/inputs/PDB_monomers/pdbs/6MRR.pdb: expected [B, L, 4, 3] or [L, 4, 3], got torch.Size([1, 68, 4, 3])
2025-12-03 03:37:36,940 - hybrid.data.streaming_dataset - ERROR - Invalid coordinate tensor shape for proteinmpnn/inputs/PDB_monomers/pdbs/5L33.pdb: expected [B, L, 4, 3] or [L, 4, 3], got torch.Size([1, 106, 4, 3])
2025-12-03 03:37:36,940 - hybrid.data.streaming_dataset - WARNING - Failed to generate positive sample after maximum attempts
2025-12-03 03:37:38,015 - hybrid.data.streaming_dataset - ERROR - Invalid coordinate tensor shape for proteinmpnn/inputs/PDB_monomers/pdbs/6MRR.pdb: expected [B, L, 4, 3] or [L, 4, 3], got torch.Size([1, 68, 4, 3])
2025-12-03 03:37:38,031 - hybrid.data.streaming_dataset - ERROR - Invalid coordinate tensor shape for proteinmpnn/inputs/PDB_monomers/pdbs/6MRR.pdb: expected [B, L, 4, 3] or [L, 4, 3], got torch.Size([1, 68, 4, 3])
2025-12-03 03:37:38,040 - hybrid.data.streaming_dataset - ERROR - Invalid coordinate tensor shape for proteinmpnn/inputs/PDB_monomers/pdbs/6MRR.pdb: expected [B, L, 4, 3] or [L, 4, 3], got torch.Size([1, 68, 4, 3])
2025-12-03 03:37:38,050 - hybrid.data.streaming_dataset - ERROR - Invalid coordinate tensor shape for proteinmpnn/inputs/PDB_monomers/pdbs/5L33.pdb: expected [B, L, 4, 3] or [L, 4, 3], got torch.Size([1, 106, 4, 3])
2025-12-03 03:37:38,061 - hybrid.data.streaming_dataset - ERROR - Invalid coordinate tensor shape for proteinmpnn/inputs/PDB_monomers/pdbs/5L33.pdb: expected [B, L, 4, 3] or [L, 4, 3], got torch.Size([1, 106, 4, 3])
2025-12-03 03:37:38,094 - hybrid.data.streaming_dataset - ERROR - Invalid coordinate tensor shape for proteinmpnn/inputs/PDB_monomers/pdbs/5L33.pdb: expected [B, L, 4, 3] or [L, 4, 3], got torch.Size([1, 106, 4, 3])
2025-12-03 03:37:38,105 - hybrid.data.streaming_dataset - ERROR - Invalid coordinate tensor shape for proteinmpnn/inputs/PDB_monomers/pdbs/5L33.pdb: expected [B, L, 4, 3] or [L, 4, 3], got torch.Size([1, 106, 4, 3])
2025-12-03 03:37:38,113 - hybrid.data.streaming_dataset - ERROR - Invalid coordinate tensor shape for proteinmpnn/inputs/PDB_monomers/pdbs/6MRR.pdb: expected [B, L, 4, 3] or [L, 4, 3], got torch.Size([1, 68, 4, 3])
2025-12-03 03:37:38,172 - hybrid.data.streaming_dataset - ERROR - Invalid coordinate tensor shape for proteinmpnn/inputs/PDB_monomers/pdbs/5L33.pdb: expected [B, L, 4, 3] or [L, 4, 3], got torch.Size([1, 106, 4, 3])
2025-12-03 03:37:38,193 - hybrid.data.streaming_dataset - ERROR - Invalid coordinate tensor shape for proteinmpnn/inputs/PDB_monomers/pdbs/6MRR.pdb: expected [B, L, 4, 3] or [L, 4, 3], got torch.Size([1, 68, 4, 3])
2025-12-03 03:37:38,193 - hybrid.data.streaming_dataset - WARNING - Failed to generate positive sample after maximum attempts
2025-12-03 03:37:40,134 - hybrid.data.streaming_dataset - ERROR - Invalid coordinate tensor shape for proteinmpnn/inputs/PDB_monomers/pdbs/5L33.pdb: expected [B, L, 4, 3] or [L, 4, 3], got torch.Size([1, 106, 4, 3])
2025-12-03 03:37:40,145 - hybrid.data.streaming_dataset - ERROR - Invalid coordinate tensor shape for proteinmpnn/inputs/PDB_monomers/pdbs/6MRR.pdb: expected [B, L, 4, 3] or [L, 4, 3], got torch.Size([1, 68, 4, 3])
2025-12-03 03:37:40,162 - hybrid.data.streaming_dataset - ERROR - Invalid coordinate tensor shape for proteinmpnn/inputs/PDB_monomers/pdbs/6MRR.pdb: expected [B, L, 4, 3] or [L, 4, 3], got torch.Size([1, 68, 4, 3])
2025-12-03 03:37:40,174 - hybrid.data.streaming_dataset - ERROR - Invalid coordinate tensor shape for proteinmpnn/inputs/PDB_monomers/pdbs/6MRR.pdb: expected [B, L, 4, 3] or [L, 4, 3], got torch.Size([1, 68, 4, 3])
2025-12-03 03:37:40,202 - hybrid.data.streaming_dataset - ERROR - Invalid coordinate tensor shape for proteinmpnn/inputs/PDB_monomers/pdbs/6MRR.pdb: expected [B, L, 4, 3] or [L, 4, 3], got torch.Size([1, 68, 4, 3])
2025-12-03 03:37:40,221 - hybrid.data.streaming_dataset - ERROR - Invalid coordinate tensor shape for proteinmpnn/inputs/PDB_monomers/pdbs/6MRR.pdb: expected [B, L, 4, 3] or [L, 4, 3], got torch.Size([1, 68, 4, 3])
2025-12-03 03:37:40,231 - hybrid.data.streaming_dataset - ERROR - Invalid coordinate tensor shape for proteinmpnn/inputs/PDB_monomers/pdbs/6MRR.pdb: expected [B, L, 4, 3] or [L, 4, 3], got torch.Size([1, 68, 4, 3])
2025-12-03 03:37:40,244 - hybrid.data.streaming_dataset - ERROR - Invalid coordinate tensor shape for proteinmpnn/inputs/PDB_monomers/pdbs/5L33.pdb: expected [B, L, 4, 3] or [L, 4, 3], got torch.Size([1, 106, 4, 3])
2025-12-03 03:37:40,251 - hybrid.data.streaming_dataset - ERROR - Invalid coordinate tensor shape for proteinmpnn/inputs/PDB_monomers/pdbs/6MRR.pdb: expected [B, L, 4, 3] or [L, 4, 3], got torch.Size([1, 68, 4, 3])
2025-12-03 03:37:40,260 - hybrid.data.streaming_dataset - ERROR - Invalid coordinate tensor shape for proteinmpnn/inputs/PDB_monomers/pdbs/5L33.pdb: expected [B, L, 4, 3] or [L, 4, 3], got torch.Size([1, 106, 4, 3])
2025-12-03 03:37:40,260 - hybrid.data.streaming_dataset - WARNING - Failed to generate positive sample after maximum attempts
2025-12-03 03:37:42,318 - hybrid.data.streaming_dataset - ERROR - Invalid coordinate tensor shape for proteinmpnn/inputs/PDB_monomers/pdbs/5L33.pdb: expected [B, L, 4, 3] or [L, 4, 3], got torch.Size([1, 106, 4, 3])
2025-12-03 03:37:42,327 - hybrid.data.streaming_dataset - ERROR - Invalid coordinate tensor shape for proteinmpnn/inputs/PDB_monomers/pdbs/5L33.pdb: expected [B, L, 4, 3] or [L, 4, 3], got torch.Size([1, 106, 4, 3])
2025-12-03 03:37:42,340 - hybrid.data.streaming_dataset - ERROR - Invalid coordinate tensor shape for proteinmpnn/inputs/PDB_monomers/pdbs/6MRR.pdb: expected [B, L, 4, 3] or [L, 4, 3], got torch.Size([1, 68, 4, 3])
2025-12-03 03:37:42,353 - hybrid.data.streaming_dataset - ERROR - Invalid coordinate tensor shape for proteinmpnn/inputs/PDB_monomers/pdbs/6MRR.pdb: expected [B, L, 4, 3] or [L, 4, 3], got torch.Size([1, 68, 4, 3])
2025-12-03 03:37:42,364 - hybrid.data.streaming_dataset - ERROR - Invalid coordinate tensor shape for proteinmpnn/inputs/PDB_monomers/pdbs/6MRR.pdb: expected [B, L, 4, 3] or [L, 4, 3], got torch.Size([1, 68, 4, 3])
2025-12-03 03:37:42,376 - hybrid.data.streaming_dataset - ERROR - Invalid coordinate tensor shape for proteinmpnn/inputs/PDB_monomers/pdbs/6MRR.pdb: expected [B, L, 4, 3] or [L, 4, 3], got torch.Size([1, 68, 4, 3])
2025-12-03 03:37:42,407 - hybrid.data.streaming_dataset - ERROR - Invalid coordinate tensor shape for proteinmpnn/inputs/PDB_monomers/pdbs/5L33.pdb: expected [B, L, 4, 3] or [L, 4, 3], got torch.Size([1, 106, 4, 3])
2025-12-03 03:37:42,417 - hybrid.data.streaming_dataset - ERROR - Invalid coordinate tensor shape for proteinmpnn/inputs/PDB_monomers/pdbs/6MRR.pdb: expected [B, L, 4, 3] or [L, 4, 3], got torch.Size([1, 68, 4, 3])
2025-12-03 03:37:42,428 - hybrid.data.streaming_dataset - ERROR - Invalid coordinate tensor shape for proteinmpnn/inputs/PDB_monomers/pdbs/6MRR.pdb: expected [B, L, 4, 3] or [L, 4, 3], got torch.Size([1, 68, 4, 3])
2025-12-03 03:37:42,442 - hybrid.data.streaming_dataset - ERROR - Invalid coordinate tensor shape for proteinmpnn/inputs/PDB_monomers/pdbs/6MRR.pdb: expected [B, L, 4, 3] or [L, 4, 3], got torch.Size([1, 68, 4, 3])
2025-12-03 03:37:42,443 - hybrid.data.streaming_dataset - WARNING - Failed to generate positive sample after maximum attempts
2025-12-03 03:37:42,461 - hybrid.data.streaming_dataset - INFO - Streaming Progress: Samples: 46, Rate: 0.46/s, Elapsed: 99.3s | Top ops: sample_iteration: 158.3ms, pdb_parsing: 17.1ms, negative_sample_generation: 170.7ms
2025-12-03 03:37:44,919 - hybrid.data.streaming_dataset - ERROR - Invalid coordinate tensor shape for proteinmpnn/inputs/PDB_monomers/pdbs/6MRR.pdb: expected [B, L, 4, 3] or [L, 4, 3], got torch.Size([1, 68, 4, 3])
2025-12-03 03:37:44,927 - hybrid.data.streaming_dataset - ERROR - Invalid coordinate tensor shape for proteinmpnn/inputs/PDB_monomers/pdbs/6MRR.pdb: expected [B, L, 4, 3] or [L, 4, 3], got torch.Size([1, 68, 4, 3])
2025-12-03 03:37:44,934 - hybrid.data.streaming_dataset - ERROR - Invalid coordinate tensor shape for proteinmpnn/inputs/PDB_monomers/pdbs/6MRR.pdb: expected [B, L, 4, 3] or [L, 4, 3], got torch.Size([1, 68, 4, 3])
2025-12-03 03:37:44,941 - hybrid.data.streaming_dataset - ERROR - Invalid coordinate tensor shape for proteinmpnn/inputs/PDB_monomers/pdbs/6MRR.pdb: expected [B, L, 4, 3] or [L, 4, 3], got torch.Size([1, 68, 4, 3])
2025-12-03 03:37:44,953 - hybrid.data.streaming_dataset - ERROR - Invalid coordinate tensor shape for proteinmpnn/inputs/PDB_monomers/pdbs/6MRR.pdb: expected [B, L, 4, 3] or [L, 4, 3], got torch.Size([1, 68, 4, 3])
2025-12-03 03:37:44,966 - hybrid.data.streaming_dataset - ERROR - Invalid coordinate tensor shape for proteinmpnn/inputs/PDB_monomers/pdbs/5L33.pdb: expected [B, L, 4, 3] or [L, 4, 3], got torch.Size([1, 106, 4, 3])
2025-12-03 03:37:44,979 - hybrid.data.streaming_dataset - ERROR - Invalid coordinate tensor shape for proteinmpnn/inputs/PDB_monomers/pdbs/5L33.pdb: expected [B, L, 4, 3] or [L, 4, 3], got torch.Size([1, 106, 4, 3])
2025-12-03 03:37:44,995 - hybrid.data.streaming_dataset - ERROR - Invalid coordinate tensor shape for proteinmpnn/inputs/PDB_monomers/pdbs/6MRR.pdb: expected [B, L, 4, 3] or [L, 4, 3], got torch.Size([1, 68, 4, 3])
2025-12-03 03:37:45,006 - hybrid.data.streaming_dataset - ERROR - Invalid coordinate tensor shape for proteinmpnn/inputs/PDB_monomers/pdbs/5L33.pdb: expected [B, L, 4, 3] or [L, 4, 3], got torch.Size([1, 106, 4, 3])
2025-12-03 03:37:45,015 - hybrid.data.streaming_dataset - ERROR - Invalid coordinate tensor shape for proteinmpnn/inputs/PDB_monomers/pdbs/6MRR.pdb: expected [B, L, 4, 3] or [L, 4, 3], got torch.Size([1, 68, 4, 3])
2025-12-03 03:37:45,015 - hybrid.data.streaming_dataset - WARNING - Failed to generate positive sample after maximum attempts
2025-12-03 03:37:45,194 - hybrid.data.streaming_dataset - ERROR - Invalid coordinate tensor shape for proteinmpnn/inputs/PDB_monomers/pdbs/6MRR.pdb: expected [B, L, 4, 3] or [L, 4, 3], got torch.Size([1, 68, 4, 3])
2025-12-03 03:37:45,203 - hybrid.data.streaming_dataset - ERROR - Invalid coordinate tensor shape for proteinmpnn/inputs/PDB_monomers/pdbs/6MRR.pdb: expected [B, L, 4, 3] or [L, 4, 3], got torch.Size([1, 68, 4, 3])
2025-12-03 03:37:45,211 - hybrid.data.streaming_dataset - ERROR - Invalid coordinate tensor shape for proteinmpnn/inputs/PDB_monomers/pdbs/5L33.pdb: expected [B, L, 4, 3] or [L, 4, 3], got torch.Size([1, 106, 4, 3])
2025-12-03 03:37:45,217 - hybrid.data.streaming_dataset - ERROR - Invalid coordinate tensor shape for proteinmpnn/inputs/PDB_monomers/pdbs/6MRR.pdb: expected [B, L, 4, 3] or [L, 4, 3], got torch.Size([1, 68, 4, 3])
2025-12-03 03:37:45,223 - hybrid.data.streaming_dataset - ERROR - Invalid coordinate tensor shape for proteinmpnn/inputs/PDB_monomers/pdbs/5L33.pdb: expected [B, L, 4, 3] or [L, 4, 3], got torch.Size([1, 106, 4, 3])
2025-12-03 03:37:45,230 - hybrid.data.streaming_dataset - ERROR - Invalid coordinate tensor shape for proteinmpnn/inputs/PDB_monomers/pdbs/5L33.pdb: expected [B, L, 4, 3] or [L, 4, 3], got torch.Size([1, 106, 4, 3])
2025-12-03 03:37:45,236 - hybrid.data.streaming_dataset - ERROR - Invalid coordinate tensor shape for proteinmpnn/inputs/PDB_monomers/pdbs/6MRR.pdb: expected [B, L, 4, 3] or [L, 4, 3], got torch.Size([1, 68, 4, 3])
2025-12-03 03:37:45,242 - hybrid.data.streaming_dataset - ERROR - Invalid coordinate tensor shape for proteinmpnn/inputs/PDB_monomers/pdbs/5L33.pdb: expected [B, L, 4, 3] or [L, 4, 3], got torch.Size([1, 106, 4, 3])
2025-12-03 03:37:45,247 - hybrid.data.streaming_dataset - ERROR - Invalid coordinate tensor shape for proteinmpnn/inputs/PDB_monomers/pdbs/6MRR.pdb: expected [B, L, 4, 3] or [L, 4, 3], got torch.Size([1, 68, 4, 3])
2025-12-03 03:37:45,252 - hybrid.data.streaming_dataset - ERROR - Invalid coordinate tensor shape for proteinmpnn/inputs/PDB_monomers/pdbs/5L33.pdb: expected [B, L, 4, 3] or [L, 4, 3], got torch.Size([1, 106, 4, 3])
2025-12-03 03:37:45,252 - hybrid.data.streaming_dataset - WARNING - Failed to generate positive sample after maximum attempts
2025-12-03 03:37:46,250 - hybrid.data.streaming_dataset - ERROR - Invalid coordinate tensor shape for proteinmpnn/inputs/PDB_monomers/pdbs/5L33.pdb: expected [B, L, 4, 3] or [L, 4, 3], got torch.Size([1, 106, 4, 3])
2025-12-03 03:37:46,262 - hybrid.data.streaming_dataset - ERROR - Invalid coordinate tensor shape for proteinmpnn/inputs/PDB_monomers/pdbs/5L33.pdb: expected [B, L, 4, 3] or [L, 4, 3], got torch.Size([1, 106, 4, 3])
2025-12-03 03:37:46,272 - hybrid.data.streaming_dataset - ERROR - Invalid coordinate tensor shape for proteinmpnn/inputs/PDB_monomers/pdbs/6MRR.pdb: expected [B, L, 4, 3] or [L, 4, 3], got torch.Size([1, 68, 4, 3])
2025-12-03 03:37:46,280 - hybrid.data.streaming_dataset - ERROR - Invalid coordinate tensor shape for proteinmpnn/inputs/PDB_monomers/pdbs/5L33.pdb: expected [B, L, 4, 3] or [L, 4, 3], got torch.Size([1, 106, 4, 3])
2025-12-03 03:37:46,291 - hybrid.data.streaming_dataset - ERROR - Invalid coordinate tensor shape for proteinmpnn/inputs/PDB_monomers/pdbs/5L33.pdb: expected [B, L, 4, 3] or [L, 4, 3], got torch.Size([1, 106, 4, 3])
2025-12-03 03:37:46,301 - hybrid.data.streaming_dataset - ERROR - Invalid coordinate tensor shape for proteinmpnn/inputs/PDB_monomers/pdbs/6MRR.pdb: expected [B, L, 4, 3] or [L, 4, 3], got torch.Size([1, 68, 4, 3])
2025-12-03 03:37:46,310 - hybrid.data.streaming_dataset - ERROR - Invalid coordinate tensor shape for proteinmpnn/inputs/PDB_monomers/pdbs/6MRR.pdb: expected [B, L, 4, 3] or [L, 4, 3], got torch.Size([1, 68, 4, 3])
2025-12-03 03:37:46,319 - hybrid.data.streaming_dataset - ERROR - Invalid coordinate tensor shape for proteinmpnn/inputs/PDB_monomers/pdbs/6MRR.pdb: expected [B, L, 4, 3] or [L, 4, 3], got torch.Size([1, 68, 4, 3])
2025-12-03 03:37:46,329 - hybrid.data.streaming_dataset - ERROR - Invalid coordinate tensor shape for proteinmpnn/inputs/PDB_monomers/pdbs/6MRR.pdb: expected [B, L, 4, 3] or [L, 4, 3], got torch.Size([1, 68, 4, 3])
2025-12-03 03:37:46,336 - hybrid.data.streaming_dataset - ERROR - Invalid coordinate tensor shape for proteinmpnn/inputs/PDB_monomers/pdbs/5L33.pdb: expected [B, L, 4, 3] or [L, 4, 3], got torch.Size([1, 106, 4, 3])
2025-12-03 03:37:46,336 - hybrid.data.streaming_dataset - WARNING - Failed to generate positive sample after maximum attempts
2025-12-03 03:37:46,346 - hybrid.data.streaming_dataset - ERROR - Invalid coordinate tensor shape for proteinmpnn/inputs/PDB_monomers/pdbs/6MRR.pdb: expected [B, L, 4, 3] or [L, 4, 3], got torch.Size([1, 68, 4, 3])
2025-12-03 03:37:46,354 - hybrid.data.streaming_dataset - ERROR - Invalid coordinate tensor shape for proteinmpnn/inputs/PDB_monomers/pdbs/6MRR.pdb: expected [B, L, 4, 3] or [L, 4, 3], got torch.Size([1, 68, 4, 3])
2025-12-03 03:37:46,362 - hybrid.data.streaming_dataset - ERROR - Invalid coordinate tensor shape for proteinmpnn/inputs/PDB_monomers/pdbs/6MRR.pdb: expected [B, L, 4, 3] or [L, 4, 3], got torch.Size([1, 68, 4, 3])
2025-12-03 03:37:46,373 - hybrid.data.streaming_dataset - ERROR - Invalid coordinate tensor shape for proteinmpnn/inputs/PDB_monomers/pdbs/5L33.pdb: expected [B, L, 4, 3] or [L, 4, 3], got torch.Size([1, 106, 4, 3])
2025-12-03 03:37:46,379 - hybrid.data.streaming_dataset - ERROR - Invalid coordinate tensor shape for proteinmpnn/inputs/PDB_monomers/pdbs/5L33.pdb: expected [B, L, 4, 3] or [L, 4, 3], got torch.Size([1, 106, 4, 3])
2025-12-03 03:37:46,384 - hybrid.data.streaming_dataset - ERROR - Invalid coordinate tensor shape for proteinmpnn/inputs/PDB_monomers/pdbs/5L33.pdb: expected [B, L, 4, 3] or [L, 4, 3], got torch.Size([1, 106, 4, 3])
2025-12-03 03:37:46,395 - hybrid.data.streaming_dataset - ERROR - Invalid coordinate tensor shape for proteinmpnn/inputs/PDB_monomers/pdbs/6MRR.pdb: expected [B, L, 4, 3] or [L, 4, 3], got torch.Size([1, 68, 4, 3])
2025-12-03 03:37:46,404 - hybrid.data.streaming_dataset - ERROR - Invalid coordinate tensor shape for proteinmpnn/inputs/PDB_monomers/pdbs/5L33.pdb: expected [B, L, 4, 3] or [L, 4, 3], got torch.Size([1, 106, 4, 3])
2025-12-03 03:37:46,411 - hybrid.data.streaming_dataset - ERROR - Invalid coordinate tensor shape for proteinmpnn/inputs/PDB_monomers/pdbs/5L33.pdb: expected [B, L, 4, 3] or [L, 4, 3], got torch.Size([1, 106, 4, 3])
2025-12-03 03:37:46,421 - hybrid.data.streaming_dataset - ERROR - Invalid coordinate tensor shape for proteinmpnn/inputs/PDB_monomers/pdbs/6MRR.pdb: expected [B, L, 4, 3] or [L, 4, 3], got torch.Size([1, 68, 4, 3])
2025-12-03 03:37:46,422 - hybrid.data.streaming_dataset - WARNING - Failed to generate positive sample after maximum attempts
2025-12-03 03:37:46,432 - hybrid.data.streaming_dataset - ERROR - Invalid coordinate tensor shape for proteinmpnn/inputs/PDB_monomers/pdbs/5L33.pdb: expected [B, L, 4, 3] or [L, 4, 3], got torch.Size([1, 106, 4, 3])
2025-12-03 03:37:46,440 - hybrid.data.streaming_dataset - ERROR - Invalid coordinate tensor shape for proteinmpnn/inputs/PDB_monomers/pdbs/6MRR.pdb: expected [B, L, 4, 3] or [L, 4, 3], got torch.Size([1, 68, 4, 3])
2025-12-03 03:37:46,451 - hybrid.data.streaming_dataset - ERROR - Invalid coordinate tensor shape for proteinmpnn/inputs/PDB_monomers/pdbs/5L33.pdb: expected [B, L, 4, 3] or [L, 4, 3], got torch.Size([1, 106, 4, 3])
2025-12-03 03:37:46,460 - hybrid.data.streaming_dataset - ERROR - Invalid coordinate tensor shape for proteinmpnn/inputs/PDB_monomers/pdbs/6MRR.pdb: expected [B, L, 4, 3] or [L, 4, 3], got torch.Size([1, 68, 4, 3])
2025-12-03 03:37:46,468 - hybrid.data.streaming_dataset - ERROR - Invalid coordinate tensor shape for proteinmpnn/inputs/PDB_monomers/pdbs/5L33.pdb: expected [B, L, 4, 3] or [L, 4, 3], got torch.Size([1, 106, 4, 3])
2025-12-03 03:37:46,476 - hybrid.data.streaming_dataset - ERROR - Invalid coordinate tensor shape for proteinmpnn/inputs/PDB_monomers/pdbs/5L33.pdb: expected [B, L, 4, 3] or [L, 4, 3], got torch.Size([1, 106, 4, 3])
2025-12-03 03:37:46,485 - hybrid.data.streaming_dataset - ERROR - Invalid coordinate tensor shape for proteinmpnn/inputs/PDB_monomers/pdbs/6MRR.pdb: expected [B, L, 4, 3] or [L, 4, 3], got torch.Size([1, 68, 4, 3])
2025-12-03 03:37:46,495 - hybrid.data.streaming_dataset - ERROR - Invalid coordinate tensor shape for proteinmpnn/inputs/PDB_monomers/pdbs/5L33.pdb: expected [B, L, 4, 3] or [L, 4, 3], got torch.Size([1, 106, 4, 3])
2025-12-03 03:37:46,503 - hybrid.data.streaming_dataset - ERROR - Invalid coordinate tensor shape for proteinmpnn/inputs/PDB_monomers/pdbs/6MRR.pdb: expected [B, L, 4, 3] or [L, 4, 3], got torch.Size([1, 68, 4, 3])
2025-12-03 03:37:46,521 - hybrid.data.streaming_dataset - ERROR - Invalid coordinate tensor shape for proteinmpnn/inputs/PDB_monomers/pdbs/6MRR.pdb: expected [B, L, 4, 3] or [L, 4, 3], got torch.Size([1, 68, 4, 3])
2025-12-03 03:37:46,524 - hybrid.data.streaming_dataset - WARNING - Failed to generate positive sample after maximum attempts
2025-12-03 03:37:46,540 - hybrid.data.streaming_dataset - ERROR - Invalid coordinate tensor shape for proteinmpnn/inputs/PDB_monomers/pdbs/6MRR.pdb: expected [B, L, 4, 3] or [L, 4, 3], got torch.Size([1, 68, 4, 3])
2025-12-03 03:37:46,554 - hybrid.data.streaming_dataset - ERROR - Invalid coordinate tensor shape for proteinmpnn/inputs/PDB_monomers/pdbs/5L33.pdb: expected [B, L, 4, 3] or [L, 4, 3], got torch.Size([1, 106, 4, 3])
2025-12-03 03:37:46,570 - hybrid.data.streaming_dataset - ERROR - Invalid coordinate tensor shape for proteinmpnn/inputs/PDB_monomers/pdbs/5L33.pdb: expected [B, L, 4, 3] or [L, 4, 3], got torch.Size([1, 106, 4, 3])
2025-12-03 03:37:46,595 - hybrid.data.streaming_dataset - ERROR - Invalid coordinate tensor shape for proteinmpnn/inputs/PDB_monomers/pdbs/5L33.pdb: expected [B, L, 4, 3] or [L, 4, 3], got torch.Size([1, 106, 4, 3])
2025-12-03 03:37:46,610 - hybrid.data.streaming_dataset - ERROR - Invalid coordinate tensor shape for proteinmpnn/inputs/PDB_monomers/pdbs/5L33.pdb: expected [B, L, 4, 3] or [L, 4, 3], got torch.Size([1, 106, 4, 3])
2025-12-03 03:37:46,623 - hybrid.data.streaming_dataset - ERROR - Invalid coordinate tensor shape for proteinmpnn/inputs/PDB_monomers/pdbs/6MRR.pdb: expected [B, L, 4, 3] or [L, 4, 3], got torch.Size([1, 68, 4, 3])
2025-12-03 03:37:46,634 - hybrid.data.streaming_dataset - ERROR - Invalid coordinate tensor shape for proteinmpnn/inputs/PDB_monomers/pdbs/5L33.pdb: expected [B, L, 4, 3] or [L, 4, 3], got torch.Size([1, 106, 4, 3])
2025-12-03 03:37:46,643 - hybrid.data.streaming_dataset - ERROR - Invalid coordinate tensor shape for proteinmpnn/inputs/PDB_monomers/pdbs/6MRR.pdb: expected [B, L, 4, 3] or [L, 4, 3], got torch.Size([1, 68, 4, 3])
2025-12-03 03:37:46,654 - hybrid.data.streaming_dataset - ERROR - Invalid coordinate tensor shape for proteinmpnn/inputs/PDB_monomers/pdbs/5L33.pdb: expected [B, L, 4, 3] or [L, 4, 3], got torch.Size([1, 106, 4, 3])
2025-12-03 03:37:46,663 - hybrid.data.streaming_dataset - ERROR - Invalid coordinate tensor shape for proteinmpnn/inputs/PDB_monomers/pdbs/5L33.pdb: expected [B, L, 4, 3] or [L, 4, 3], got torch.Size([1, 106, 4, 3])
2025-12-03 03:37:46,663 - hybrid.data.streaming_dataset - WARNING - Failed to generate positive sample after maximum attempts
2025-12-03 03:37:48,091 - hybrid.data.streaming_dataset - ERROR - Invalid coordinate tensor shape for proteinmpnn/inputs/PDB_monomers/pdbs/6MRR.pdb: expected [B, L, 4, 3] or [L, 4, 3], got torch.Size([1, 68, 4, 3])
2025-12-03 03:37:48,105 - hybrid.data.streaming_dataset - ERROR - Invalid coordinate tensor shape for proteinmpnn/inputs/PDB_monomers/pdbs/6MRR.pdb: expected [B, L, 4, 3] or [L, 4, 3], got torch.Size([1, 68, 4, 3])
2025-12-03 03:37:48,113 - hybrid.data.streaming_dataset - ERROR - Invalid coordinate tensor shape for proteinmpnn/inputs/PDB_monomers/pdbs/5L33.pdb: expected [B, L, 4, 3] or [L, 4, 3], got torch.Size([1, 106, 4, 3])
2025-12-03 03:37:48,126 - hybrid.data.streaming_dataset - ERROR - Invalid coordinate tensor shape for proteinmpnn/inputs/PDB_monomers/pdbs/6MRR.pdb: expected [B, L, 4, 3] or [L, 4, 3], got torch.Size([1, 68, 4, 3])
2025-12-03 03:37:48,143 - hybrid.data.streaming_dataset - ERROR - Invalid coordinate tensor shape for proteinmpnn/inputs/PDB_monomers/pdbs/6MRR.pdb: expected [B, L, 4, 3] or [L, 4, 3], got torch.Size([1, 68, 4, 3])
2025-12-03 03:37:48,155 - hybrid.data.streaming_dataset - ERROR - Invalid coordinate tensor shape for proteinmpnn/inputs/PDB_monomers/pdbs/5L33.pdb: expected [B, L, 4, 3] or [L, 4, 3], got torch.Size([1, 106, 4, 3])
2025-12-03 03:37:48,164 - hybrid.data.streaming_dataset - ERROR - Invalid coordinate tensor shape for proteinmpnn/inputs/PDB_monomers/pdbs/5L33.pdb: expected [B, L, 4, 3] or [L, 4, 3], got torch.Size([1, 106, 4, 3])
2025-12-03 03:37:48,174 - hybrid.data.streaming_dataset - ERROR - Invalid coordinate tensor shape for proteinmpnn/inputs/PDB_monomers/pdbs/6MRR.pdb: expected [B, L, 4, 3] or [L, 4, 3], got torch.Size([1, 68, 4, 3])
2025-12-03 03:37:48,182 - hybrid.data.streaming_dataset - ERROR - Invalid coordinate tensor shape for proteinmpnn/inputs/PDB_monomers/pdbs/6MRR.pdb: expected [B, L, 4, 3] or [L, 4, 3], got torch.Size([1, 68, 4, 3])
2025-12-03 03:37:48,192 - hybrid.data.streaming_dataset - ERROR - Invalid coordinate tensor shape for proteinmpnn/inputs/PDB_monomers/pdbs/6MRR.pdb: expected [B, L, 4, 3] or [L, 4, 3], got torch.Size([1, 68, 4, 3])
2025-12-03 03:37:48,192 - hybrid.data.streaming_dataset - WARNING - Failed to generate positive sample after maximum attempts
2025-12-03 03:37:48,202 - hybrid.data.streaming_dataset - ERROR - Invalid coordinate tensor shape for proteinmpnn/inputs/PDB_monomers/pdbs/6MRR.pdb: expected [B, L, 4, 3] or [L, 4, 3], got torch.Size([1, 68, 4, 3])
2025-12-03 03:37:48,216 - hybrid.data.streaming_dataset - ERROR - Invalid coordinate tensor shape for proteinmpnn/inputs/PDB_monomers/pdbs/6MRR.pdb: expected [B, L, 4, 3] or [L, 4, 3], got torch.Size([1, 68, 4, 3])
2025-12-03 03:37:48,228 - hybrid.data.streaming_dataset - ERROR - Invalid coordinate tensor shape for proteinmpnn/inputs/PDB_monomers/pdbs/6MRR.pdb: expected [B, L, 4, 3] or [L, 4, 3], got torch.Size([1, 68, 4, 3])
2025-12-03 03:37:48,235 - hybrid.data.streaming_dataset - ERROR - Invalid coordinate tensor shape for proteinmpnn/inputs/PDB_monomers/pdbs/6MRR.pdb: expected [B, L, 4, 3] or [L, 4, 3], got torch.Size([1, 68, 4, 3])
2025-12-03 03:37:48,253 - hybrid.data.streaming_dataset - ERROR - Invalid coordinate tensor shape for proteinmpnn/inputs/PDB_monomers/pdbs/5L33.pdb: expected [B, L, 4, 3] or [L, 4, 3], got torch.Size([1, 106, 4, 3])
2025-12-03 03:37:48,270 - hybrid.data.streaming_dataset - ERROR - Invalid coordinate tensor shape for proteinmpnn/inputs/PDB_monomers/pdbs/6MRR.pdb: expected [B, L, 4, 3] or [L, 4, 3], got torch.Size([1, 68, 4, 3])
2025-12-03 03:37:48,287 - hybrid.data.streaming_dataset - ERROR - Invalid coordinate tensor shape for proteinmpnn/inputs/PDB_monomers/pdbs/6MRR.pdb: expected [B, L, 4, 3] or [L, 4, 3], got torch.Size([1, 68, 4, 3])
2025-12-03 03:37:48,298 - hybrid.data.streaming_dataset - ERROR - Invalid coordinate tensor shape for proteinmpnn/inputs/PDB_monomers/pdbs/5L33.pdb: expected [B, L, 4, 3] or [L, 4, 3], got torch.Size([1, 106, 4, 3])
2025-12-03 03:37:48,314 - hybrid.data.streaming_dataset - ERROR - Invalid coordinate tensor shape for proteinmpnn/inputs/PDB_monomers/pdbs/5L33.pdb: expected [B, L, 4, 3] or [L, 4, 3], got torch.Size([1, 106, 4, 3])
2025-12-03 03:37:48,330 - hybrid.data.streaming_dataset - ERROR - Invalid coordinate tensor shape for proteinmpnn/inputs/PDB_monomers/pdbs/6MRR.pdb: expected [B, L, 4, 3] or [L, 4, 3], got torch.Size([1, 68, 4, 3])
2025-12-03 03:37:48,331 - hybrid.data.streaming_dataset - WARNING - Failed to generate positive sample after maximum attempts
2025-12-03 03:37:48,339 - hybrid.data.streaming_dataset - ERROR - Invalid coordinate tensor shape for proteinmpnn/inputs/PDB_monomers/pdbs/6MRR.pdb: expected [B, L, 4, 3] or [L, 4, 3], got torch.Size([1, 68, 4, 3])
2025-12-03 03:37:48,349 - hybrid.data.streaming_dataset - ERROR - Invalid coordinate tensor shape for proteinmpnn/inputs/PDB_monomers/pdbs/6MRR.pdb: expected [B, L, 4, 3] or [L, 4, 3], got torch.Size([1, 68, 4, 3])
2025-12-03 03:37:48,358 - hybrid.data.streaming_dataset - ERROR - Invalid coordinate tensor shape for proteinmpnn/inputs/PDB_monomers/pdbs/5L33.pdb: expected [B, L, 4, 3] or [L, 4, 3], got torch.Size([1, 106, 4, 3])
2025-12-03 03:37:48,371 - hybrid.data.streaming_dataset - ERROR - Invalid coordinate tensor shape for proteinmpnn/inputs/PDB_monomers/pdbs/6MRR.pdb: expected [B, L, 4, 3] or [L, 4, 3], got torch.Size([1, 68, 4, 3])
2025-12-03 03:37:48,382 - hybrid.data.streaming_dataset - ERROR - Invalid coordinate tensor shape for proteinmpnn/inputs/PDB_monomers/pdbs/6MRR.pdb: expected [B, L, 4, 3] or [L, 4, 3], got torch.Size([1, 68, 4, 3])
2025-12-03 03:37:48,391 - hybrid.data.streaming_dataset - ERROR - Invalid coordinate tensor shape for proteinmpnn/inputs/PDB_monomers/pdbs/5L33.pdb: expected [B, L, 4, 3] or [L, 4, 3], got torch.Size([1, 106, 4, 3])
2025-12-03 03:37:48,404 - hybrid.data.streaming_dataset - ERROR - Invalid coordinate tensor shape for proteinmpnn/inputs/PDB_monomers/pdbs/5L33.pdb: expected [B, L, 4, 3] or [L, 4, 3], got torch.Size([1, 106, 4, 3])
2025-12-03 03:37:48,411 - hybrid.data.streaming_dataset - ERROR - Invalid coordinate tensor shape for proteinmpnn/inputs/PDB_monomers/pdbs/6MRR.pdb: expected [B, L, 4, 3] or [L, 4, 3], got torch.Size([1, 68, 4, 3])
2025-12-03 03:37:48,427 - hybrid.data.streaming_dataset - ERROR - Invalid coordinate tensor shape for proteinmpnn/inputs/PDB_monomers/pdbs/6MRR.pdb: expected [B, L, 4, 3] or [L, 4, 3], got torch.Size([1, 68, 4, 3])
2025-12-03 03:37:48,439 - hybrid.data.streaming_dataset - ERROR - Invalid coordinate tensor shape for proteinmpnn/inputs/PDB_monomers/pdbs/5L33.pdb: expected [B, L, 4, 3] or [L, 4, 3], got torch.Size([1, 106, 4, 3])
2025-12-03 03:37:48,439 - hybrid.data.streaming_dataset - WARNING - Failed to generate positive sample after maximum attempts
2025-12-03 03:37:48,451 - hybrid.data.streaming_dataset - ERROR - Invalid coordinate tensor shape for proteinmpnn/inputs/PDB_monomers/pdbs/6MRR.pdb: expected [B, L, 4, 3] or [L, 4, 3], got torch.Size([1, 68, 4, 3])
2025-12-03 03:37:48,457 - hybrid.data.streaming_dataset - ERROR - Invalid coordinate tensor shape for proteinmpnn/inputs/PDB_monomers/pdbs/5L33.pdb: expected [B, L, 4, 3] or [L, 4, 3], got torch.Size([1, 106, 4, 3])
2025-12-03 03:37:48,465 - hybrid.data.streaming_dataset - ERROR - Invalid coordinate tensor shape for proteinmpnn/inputs/PDB_monomers/pdbs/5L33.pdb: expected [B, L, 4, 3] or [L, 4, 3], got torch.Size([1, 106, 4, 3])
2025-12-03 03:37:48,472 - hybrid.data.streaming_dataset - ERROR - Invalid coordinate tensor shape for proteinmpnn/inputs/PDB_monomers/pdbs/6MRR.pdb: expected [B, L, 4, 3] or [L, 4, 3], got torch.Size([1, 68, 4, 3])
2025-12-03 03:37:48,480 - hybrid.data.streaming_dataset - ERROR - Invalid coordinate tensor shape for proteinmpnn/inputs/PDB_monomers/pdbs/5L33.pdb: expected [B, L, 4, 3] or [L, 4, 3], got torch.Size([1, 106, 4, 3])
2025-12-03 03:37:48,487 - hybrid.data.streaming_dataset - ERROR - Invalid coordinate tensor shape for proteinmpnn/inputs/PDB_monomers/pdbs/5L33.pdb: expected [B, L, 4, 3] or [L, 4, 3], got torch.Size([1, 106, 4, 3])
2025-12-03 03:37:48,495 - hybrid.data.streaming_dataset - ERROR - Invalid coordinate tensor shape for proteinmpnn/inputs/PDB_monomers/pdbs/5L33.pdb: expected [B, L, 4, 3] or [L, 4, 3], got torch.Size([1, 106, 4, 3])
2025-12-03 03:37:48,504 - hybrid.data.streaming_dataset - ERROR - Invalid coordinate tensor shape for proteinmpnn/inputs/PDB_monomers/pdbs/6MRR.pdb: expected [B, L, 4, 3] or [L, 4, 3], got torch.Size([1, 68, 4, 3])
2025-12-03 03:37:48,513 - hybrid.data.streaming_dataset - ERROR - Invalid coordinate tensor shape for proteinmpnn/inputs/PDB_monomers/pdbs/6MRR.pdb: expected [B, L, 4, 3] or [L, 4, 3], got torch.Size([1, 68, 4, 3])
2025-12-03 03:37:48,522 - hybrid.data.streaming_dataset - ERROR - Invalid coordinate tensor shape for proteinmpnn/inputs/PDB_monomers/pdbs/5L33.pdb: expected [B, L, 4, 3] or [L, 4, 3], got torch.Size([1, 106, 4, 3])
2025-12-03 03:37:48,522 - hybrid.data.streaming_dataset - WARNING - Failed to generate positive sample after maximum attempts
2025-12-03 03:37:48,533 - hybrid.data.streaming_dataset - ERROR - Invalid coordinate tensor shape for proteinmpnn/inputs/PDB_monomers/pdbs/5L33.pdb: expected [B, L, 4, 3] or [L, 4, 3], got torch.Size([1, 106, 4, 3])
2025-12-03 03:37:48,542 - hybrid.data.streaming_dataset - ERROR - Invalid coordinate tensor shape for proteinmpnn/inputs/PDB_monomers/pdbs/5L33.pdb: expected [B, L, 4, 3] or [L, 4, 3], got torch.Size([1, 106, 4, 3])
2025-12-03 03:37:48,550 - hybrid.data.streaming_dataset - ERROR - Invalid coordinate tensor shape for proteinmpnn/inputs/PDB_monomers/pdbs/6MRR.pdb: expected [B, L, 4, 3] or [L, 4, 3], got torch.Size([1, 68, 4, 3])
2025-12-03 03:37:48,558 - hybrid.data.streaming_dataset - ERROR - Invalid coordinate tensor shape for proteinmpnn/inputs/PDB_monomers/pdbs/6MRR.pdb: expected [B, L, 4, 3] or [L, 4, 3], got torch.Size([1, 68, 4, 3])
2025-12-03 03:37:48,565 - hybrid.data.streaming_dataset - ERROR - Invalid coordinate tensor shape for proteinmpnn/inputs/PDB_monomers/pdbs/6MRR.pdb: expected [B, L, 4, 3] or [L, 4, 3], got torch.Size([1, 68, 4, 3])
2025-12-03 03:37:48,591 - hybrid.data.streaming_dataset - ERROR - Invalid coordinate tensor shape for proteinmpnn/inputs/PDB_monomers/pdbs/5L33.pdb: expected [B, L, 4, 3] or [L, 4, 3], got torch.Size([1, 106, 4, 3])
2025-12-03 03:37:48,598 - hybrid.data.streaming_dataset - ERROR - Invalid coordinate tensor shape for proteinmpnn/inputs/PDB_monomers/pdbs/5L33.pdb: expected [B, L, 4, 3] or [L, 4, 3], got torch.Size([1, 106, 4, 3])
2025-12-03 03:37:48,607 - hybrid.data.streaming_dataset - ERROR - Invalid coordinate tensor shape for proteinmpnn/inputs/PDB_monomers/pdbs/5L33.pdb: expected [B, L, 4, 3] or [L, 4, 3], got torch.Size([1, 106, 4, 3])
2025-12-03 03:37:48,628 - hybrid.data.streaming_dataset - ERROR - Invalid coordinate tensor shape for proteinmpnn/inputs/PDB_monomers/pdbs/6MRR.pdb: expected [B, L, 4, 3] or [L, 4, 3], got torch.Size([1, 68, 4, 3])
2025-12-03 03:37:48,636 - hybrid.data.streaming_dataset - ERROR - Invalid coordinate tensor shape for proteinmpnn/inputs/PDB_monomers/pdbs/6MRR.pdb: expected [B, L, 4, 3] or [L, 4, 3], got torch.Size([1, 68, 4, 3])
2025-12-03 03:37:48,636 - hybrid.data.streaming_dataset - WARNING - Failed to generate positive sample after maximum attempts
2025-12-03 03:37:48,646 - hybrid.data.streaming_dataset - ERROR - Invalid coordinate tensor shape for proteinmpnn/inputs/PDB_monomers/pdbs/6MRR.pdb: expected [B, L, 4, 3] or [L, 4, 3], got torch.Size([1, 68, 4, 3])
2025-12-03 03:37:48,655 - hybrid.data.streaming_dataset - ERROR - Invalid coordinate tensor shape for proteinmpnn/inputs/PDB_monomers/pdbs/6MRR.pdb: expected [B, L, 4, 3] or [L, 4, 3], got torch.Size([1, 68, 4, 3])
2025-12-03 03:37:48,661 - hybrid.data.streaming_dataset - ERROR - Invalid coordinate tensor shape for proteinmpnn/inputs/PDB_monomers/pdbs/6MRR.pdb: expected [B, L, 4, 3] or [L, 4, 3], got torch.Size([1, 68, 4, 3])
2025-12-03 03:37:48,673 - hybrid.data.streaming_dataset - ERROR - Invalid coordinate tensor shape for proteinmpnn/inputs/PDB_monomers/pdbs/6MRR.pdb: expected [B, L, 4, 3] or [L, 4, 3], got torch.Size([1, 68, 4, 3])
2025-12-03 03:37:48,681 - hybrid.data.streaming_dataset - ERROR - Invalid coordinate tensor shape for proteinmpnn/inputs/PDB_monomers/pdbs/5L33.pdb: expected [B, L, 4, 3] or [L, 4, 3], got torch.Size([1, 106, 4, 3])
2025-12-03 03:37:48,688 - hybrid.data.streaming_dataset - ERROR - Invalid coordinate tensor shape for proteinmpnn/inputs/PDB_monomers/pdbs/6MRR.pdb: expected [B, L, 4, 3] or [L, 4, 3], got torch.Size([1, 68, 4, 3])
2025-12-03 03:37:48,698 - hybrid.data.streaming_dataset - ERROR - Invalid coordinate tensor shape for proteinmpnn/inputs/PDB_monomers/pdbs/5L33.pdb: expected [B, L, 4, 3] or [L, 4, 3], got torch.Size([1, 106, 4, 3])
2025-12-03 03:37:48,706 - hybrid.data.streaming_dataset - ERROR - Invalid coordinate tensor shape for proteinmpnn/inputs/PDB_monomers/pdbs/5L33.pdb: expected [B, L, 4, 3] or [L, 4, 3], got torch.Size([1, 106, 4, 3])
2025-12-03 03:37:48,716 - hybrid.data.streaming_dataset - ERROR - Invalid coordinate tensor shape for proteinmpnn/inputs/PDB_monomers/pdbs/5L33.pdb: expected [B, L, 4, 3] or [L, 4, 3], got torch.Size([1, 106, 4, 3])
2025-12-03 03:37:48,722 - hybrid.data.streaming_dataset - ERROR - Invalid coordinate tensor shape for proteinmpnn/inputs/PDB_monomers/pdbs/6MRR.pdb: expected [B, L, 4, 3] or [L, 4, 3], got torch.Size([1, 68, 4, 3])
2025-12-03 03:37:48,722 - hybrid.data.streaming_dataset - WARNING - Failed to generate positive sample after maximum attempts
2025-12-03 03:37:48,736 - hybrid.data.streaming_dataset - ERROR - Invalid coordinate tensor shape for proteinmpnn/inputs/PDB_monomers/pdbs/6MRR.pdb: expected [B, L, 4, 3] or [L, 4, 3], got torch.Size([1, 68, 4, 3])
2025-12-03 03:37:48,742 - hybrid.data.streaming_dataset - ERROR - Invalid coordinate tensor shape for proteinmpnn/inputs/PDB_monomers/pdbs/5L33.pdb: expected [B, L, 4, 3] or [L, 4, 3], got torch.Size([1, 106, 4, 3])
2025-12-03 03:37:48,750 - hybrid.data.streaming_dataset - ERROR - Invalid coordinate tensor shape for proteinmpnn/inputs/PDB_monomers/pdbs/6MRR.pdb: expected [B, L, 4, 3] or [L, 4, 3], got torch.Size([1, 68, 4, 3])
2025-12-03 03:37:48,760 - hybrid.data.streaming_dataset - ERROR - Invalid coordinate tensor shape for proteinmpnn/inputs/PDB_monomers/pdbs/5L33.pdb: expected [B, L, 4, 3] or [L, 4, 3], got torch.Size([1, 106, 4, 3])
2025-12-03 03:37:48,767 - hybrid.data.streaming_dataset - ERROR - Invalid coordinate tensor shape for proteinmpnn/inputs/PDB_monomers/pdbs/6MRR.pdb: expected [B, L, 4, 3] or [L, 4, 3], got torch.Size([1, 68, 4, 3])
2025-12-03 03:37:48,774 - hybrid.data.streaming_dataset - ERROR - Invalid coordinate tensor shape for proteinmpnn/inputs/PDB_monomers/pdbs/5L33.pdb: expected [B, L, 4, 3] or [L, 4, 3], got torch.Size([1, 106, 4, 3])
2025-12-03 03:37:48,781 - hybrid.data.streaming_dataset - ERROR - Invalid coordinate tensor shape for proteinmpnn/inputs/PDB_monomers/pdbs/6MRR.pdb: expected [B, L, 4, 3] or [L, 4, 3], got torch.Size([1, 68, 4, 3])
2025-12-03 03:37:48,787 - hybrid.data.streaming_dataset - ERROR - Invalid coordinate tensor shape for proteinmpnn/inputs/PDB_monomers/pdbs/6MRR.pdb: expected [B, L, 4, 3] or [L, 4, 3], got torch.Size([1, 68, 4, 3])
2025-12-03 03:37:48,794 - hybrid.data.streaming_dataset - ERROR - Invalid coordinate tensor shape for proteinmpnn/inputs/PDB_monomers/pdbs/6MRR.pdb: expected [B, L, 4, 3] or [L, 4, 3], got torch.Size([1, 68, 4, 3])
2025-12-03 03:37:48,802 - hybrid.data.streaming_dataset - ERROR - Invalid coordinate tensor shape for proteinmpnn/inputs/PDB_monomers/pdbs/6MRR.pdb: expected [B, L, 4, 3] or [L, 4, 3], got torch.Size([1, 68, 4, 3])
2025-12-03 03:37:48,802 - hybrid.data.streaming_dataset - WARNING - Failed to generate positive sample after maximum attempts
2025-12-03 03:37:48,812 - hybrid.data.streaming_dataset - ERROR - Invalid coordinate tensor shape for proteinmpnn/inputs/PDB_monomers/pdbs/6MRR.pdb: expected [B, L, 4, 3] or [L, 4, 3], got torch.Size([1, 68, 4, 3])
2025-12-03 03:37:48,819 - hybrid.data.streaming_dataset - ERROR - Invalid coordinate tensor shape for proteinmpnn/inputs/PDB_monomers/pdbs/5L33.pdb: expected [B, L, 4, 3] or [L, 4, 3], got torch.Size([1, 106, 4, 3])
2025-12-03 03:37:48,824 - hybrid.data.streaming_dataset - ERROR - Invalid coordinate tensor shape for proteinmpnn/inputs/PDB_monomers/pdbs/5L33.pdb: expected [B, L, 4, 3] or [L, 4, 3], got torch.Size([1, 106, 4, 3])
2025-12-03 03:37:48,831 - hybrid.data.streaming_dataset - ERROR - Invalid coordinate tensor shape for proteinmpnn/inputs/PDB_monomers/pdbs/6MRR.pdb: expected [B, L, 4, 3] or [L, 4, 3], got torch.Size([1, 68, 4, 3])
2025-12-03 03:37:48,838 - hybrid.data.streaming_dataset - ERROR - Invalid coordinate tensor shape for proteinmpnn/inputs/PDB_monomers/pdbs/5L33.pdb: expected [B, L, 4, 3] or [L, 4, 3], got torch.Size([1, 106, 4, 3])
2025-12-03 03:37:48,845 - hybrid.data.streaming_dataset - ERROR - Invalid coordinate tensor shape for proteinmpnn/inputs/PDB_monomers/pdbs/6MRR.pdb: expected [B, L, 4, 3] or [L, 4, 3], got torch.Size([1, 68, 4, 3])
2025-12-03 03:37:48,852 - hybrid.data.streaming_dataset - ERROR - Invalid coordinate tensor shape for proteinmpnn/inputs/PDB_monomers/pdbs/5L33.pdb: expected [B, L, 4, 3] or [L, 4, 3], got torch.Size([1, 106, 4, 3])
2025-12-03 03:37:48,858 - hybrid.data.streaming_dataset - ERROR - Invalid coordinate tensor shape for proteinmpnn/inputs/PDB_monomers/pdbs/5L33.pdb: expected [B, L, 4, 3] or [L, 4, 3], got torch.Size([1, 106, 4, 3])
2025-12-03 03:37:48,865 - hybrid.data.streaming_dataset - ERROR - Invalid coordinate tensor shape for proteinmpnn/inputs/PDB_monomers/pdbs/6MRR.pdb: expected [B, L, 4, 3] or [L, 4, 3], got torch.Size([1, 68, 4, 3])
2025-12-03 03:37:48,872 - hybrid.data.streaming_dataset - ERROR - Invalid coordinate tensor shape for proteinmpnn/inputs/PDB_monomers/pdbs/6MRR.pdb: expected [B, L, 4, 3] or [L, 4, 3], got torch.Size([1, 68, 4, 3])
2025-12-03 03:37:48,872 - hybrid.data.streaming_dataset - WARNING - Failed to generate positive sample after maximum attempts
2025-12-03 03:37:48,878 - hybrid.data.streaming_dataset - ERROR - Invalid coordinate tensor shape for proteinmpnn/inputs/PDB_monomers/pdbs/5L33.pdb: expected [B, L, 4, 3] or [L, 4, 3], got torch.Size([1, 106, 4, 3])
2025-12-03 03:37:48,885 - hybrid.data.streaming_dataset - ERROR - Invalid coordinate tensor shape for proteinmpnn/inputs/PDB_monomers/pdbs/5L33.pdb: expected [B, L, 4, 3] or [L, 4, 3], got torch.Size([1, 106, 4, 3])
2025-12-03 03:37:48,893 - hybrid.data.streaming_dataset - ERROR - Invalid coordinate tensor shape for proteinmpnn/inputs/PDB_monomers/pdbs/5L33.pdb: expected [B, L, 4, 3] or [L, 4, 3], got torch.Size([1, 106, 4, 3])
2025-12-03 03:37:48,901 - hybrid.data.streaming_dataset - ERROR - Invalid coordinate tensor shape for proteinmpnn/inputs/PDB_monomers/pdbs/5L33.pdb: expected [B, L, 4, 3] or [L, 4, 3], got torch.Size([1, 106, 4, 3])
2025-12-03 03:37:48,909 - hybrid.data.streaming_dataset - ERROR - Invalid coordinate tensor shape for proteinmpnn/inputs/PDB_monomers/pdbs/6MRR.pdb: expected [B, L, 4, 3] or [L, 4, 3], got torch.Size([1, 68, 4, 3])
2025-12-03 03:37:48,918 - hybrid.data.streaming_dataset - ERROR - Invalid coordinate tensor shape for proteinmpnn/inputs/PDB_monomers/pdbs/6MRR.pdb: expected [B, L, 4, 3] or [L, 4, 3], got torch.Size([1, 68, 4, 3])
2025-12-03 03:37:48,927 - hybrid.data.streaming_dataset - ERROR - Invalid coordinate tensor shape for proteinmpnn/inputs/PDB_monomers/pdbs/5L33.pdb: expected [B, L, 4, 3] or [L, 4, 3], got torch.Size([1, 106, 4, 3])
2025-12-03 03:37:48,945 - hybrid.data.streaming_dataset - ERROR - Invalid coordinate tensor shape for proteinmpnn/inputs/PDB_monomers/pdbs/5L33.pdb: expected [B, L, 4, 3] or [L, 4, 3], got torch.Size([1, 106, 4, 3])
2025-12-03 03:37:48,959 - hybrid.data.streaming_dataset - ERROR - Invalid coordinate tensor shape for proteinmpnn/inputs/PDB_monomers/pdbs/5L33.pdb: expected [B, L, 4, 3] or [L, 4, 3], got torch.Size([1, 106, 4, 3])
2025-12-03 03:37:48,970 - hybrid.data.streaming_dataset - ERROR - Invalid coordinate tensor shape for proteinmpnn/inputs/PDB_monomers/pdbs/5L33.pdb: expected [B, L, 4, 3] or [L, 4, 3], got torch.Size([1, 106, 4, 3])
2025-12-03 03:37:48,970 - hybrid.data.streaming_dataset - WARNING - Failed to generate positive sample after maximum attempts
2025-12-03 03:37:48,990 - hybrid.data.streaming_dataset - ERROR - Invalid coordinate tensor shape for proteinmpnn/inputs/PDB_monomers/pdbs/6MRR.pdb: expected [B, L, 4, 3] or [L, 4, 3], got torch.Size([1, 68, 4, 3])
2025-12-03 03:37:49,012 - hybrid.data.streaming_dataset - ERROR - Invalid coordinate tensor shape for proteinmpnn/inputs/PDB_monomers/pdbs/5L33.pdb: expected [B, L, 4, 3] or [L, 4, 3], got torch.Size([1, 106, 4, 3])
2025-12-03 03:37:49,025 - hybrid.data.streaming_dataset - ERROR - Invalid coordinate tensor shape for proteinmpnn/inputs/PDB_monomers/pdbs/6MRR.pdb: expected [B, L, 4, 3] or [L, 4, 3], got torch.Size([1, 68, 4, 3])
2025-12-03 03:37:49,038 - hybrid.data.streaming_dataset - ERROR - Invalid coordinate tensor shape for proteinmpnn/inputs/PDB_monomers/pdbs/5L33.pdb: expected [B, L, 4, 3] or [L, 4, 3], got torch.Size([1, 106, 4, 3])
2025-12-03 03:37:49,048 - hybrid.data.streaming_dataset - ERROR - Invalid coordinate tensor shape for proteinmpnn/inputs/PDB_monomers/pdbs/6MRR.pdb: expected [B, L, 4, 3] or [L, 4, 3], got torch.Size([1, 68, 4, 3])
2025-12-03 03:37:49,058 - hybrid.data.streaming_dataset - ERROR - Invalid coordinate tensor shape for proteinmpnn/inputs/PDB_monomers/pdbs/6MRR.pdb: expected [B, L, 4, 3] or [L, 4, 3], got torch.Size([1, 68, 4, 3])
2025-12-03 03:37:49,066 - hybrid.data.streaming_dataset - ERROR - Invalid coordinate tensor shape for proteinmpnn/inputs/PDB_monomers/pdbs/6MRR.pdb: expected [B, L, 4, 3] or [L, 4, 3], got torch.Size([1, 68, 4, 3])
2025-12-03 03:37:49,074 - hybrid.data.streaming_dataset - ERROR - Invalid coordinate tensor shape for proteinmpnn/inputs/PDB_monomers/pdbs/5L33.pdb: expected [B, L, 4, 3] or [L, 4, 3], got torch.Size([1, 106, 4, 3])
2025-12-03 03:37:49,091 - hybrid.data.streaming_dataset - ERROR - Invalid coordinate tensor shape for proteinmpnn/inputs/PDB_monomers/pdbs/6MRR.pdb: expected [B, L, 4, 3] or [L, 4, 3], got torch.Size([1, 68, 4, 3])
2025-12-03 03:37:49,102 - hybrid.data.streaming_dataset - ERROR - Invalid coordinate tensor shape for proteinmpnn/inputs/PDB_monomers/pdbs/5L33.pdb: expected [B, L, 4, 3] or [L, 4, 3], got torch.Size([1, 106, 4, 3])
2025-12-03 03:37:49,102 - hybrid.data.streaming_dataset - WARNING - Failed to generate positive sample after maximum attempts
2025-12-03 03:37:49,906 - __main__ - INFO - Step 50: loss=0.000000, sample_type=negative_random, sequence_length=247
2025-12-03 03:37:49,913 - hybrid.data.streaming_dataset - ERROR - Invalid coordinate tensor shape for proteinmpnn/inputs/PDB_monomers/pdbs/6MRR.pdb: expected [B, L, 4, 3] or [L, 4, 3], got torch.Size([1, 68, 4, 3])
2025-12-03 03:37:49,919 - hybrid.data.streaming_dataset - ERROR - Invalid coordinate tensor shape for proteinmpnn/inputs/PDB_monomers/pdbs/5L33.pdb: expected [B, L, 4, 3] or [L, 4, 3], got torch.Size([1, 106, 4, 3])
2025-12-03 03:37:49,925 - hybrid.data.streaming_dataset - ERROR - Invalid coordinate tensor shape for proteinmpnn/inputs/PDB_monomers/pdbs/6MRR.pdb: expected [B, L, 4, 3] or [L, 4, 3], got torch.Size([1, 68, 4, 3])
2025-12-03 03:37:49,932 - hybrid.data.streaming_dataset - ERROR - Invalid coordinate tensor shape for proteinmpnn/inputs/PDB_monomers/pdbs/6MRR.pdb: expected [B, L, 4, 3] or [L, 4, 3], got torch.Size([1, 68, 4, 3])
2025-12-03 03:37:49,938 - hybrid.data.streaming_dataset - ERROR - Invalid coordinate tensor shape for proteinmpnn/inputs/PDB_monomers/pdbs/5L33.pdb: expected [B, L, 4, 3] or [L, 4, 3], got torch.Size([1, 106, 4, 3])
2025-12-03 03:37:49,944 - hybrid.data.streaming_dataset - ERROR - Invalid coordinate tensor shape for proteinmpnn/inputs/PDB_monomers/pdbs/6MRR.pdb: expected [B, L, 4, 3] or [L, 4, 3], got torch.Size([1, 68, 4, 3])
2025-12-03 03:37:49,952 - hybrid.data.streaming_dataset - ERROR - Invalid coordinate tensor shape for proteinmpnn/inputs/PDB_monomers/pdbs/6MRR.pdb: expected [B, L, 4, 3] or [L, 4, 3], got torch.Size([1, 68, 4, 3])
2025-12-03 03:37:49,961 - hybrid.data.streaming_dataset - ERROR - Invalid coordinate tensor shape for proteinmpnn/inputs/PDB_monomers/pdbs/5L33.pdb: expected [B, L, 4, 3] or [L, 4, 3], got torch.Size([1, 106, 4, 3])
2025-12-03 03:37:49,968 - hybrid.data.streaming_dataset - ERROR - Invalid coordinate tensor shape for proteinmpnn/inputs/PDB_monomers/pdbs/5L33.pdb: expected [B, L, 4, 3] or [L, 4, 3], got torch.Size([1, 106, 4, 3])
2025-12-03 03:37:49,976 - hybrid.data.streaming_dataset - ERROR - Invalid coordinate tensor shape for proteinmpnn/inputs/PDB_monomers/pdbs/6MRR.pdb: expected [B, L, 4, 3] or [L, 4, 3], got torch.Size([1, 68, 4, 3])
2025-12-03 03:37:49,976 - hybrid.data.streaming_dataset - WARNING - Failed to generate positive sample after maximum attempts
2025-12-03 03:37:50,455 - hybrid.data.streaming_dataset - ERROR - Invalid coordinate tensor shape for proteinmpnn/inputs/PDB_monomers/pdbs/5L33.pdb: expected [B, L, 4, 3] or [L, 4, 3], got torch.Size([1, 106, 4, 3])
2025-12-03 03:37:50,464 - hybrid.data.streaming_dataset - ERROR - Invalid coordinate tensor shape for proteinmpnn/inputs/PDB_monomers/pdbs/5L33.pdb: expected [B, L, 4, 3] or [L, 4, 3], got torch.Size([1, 106, 4, 3])
2025-12-03 03:37:50,475 - hybrid.data.streaming_dataset - ERROR - Invalid coordinate tensor shape for proteinmpnn/inputs/PDB_monomers/pdbs/6MRR.pdb: expected [B, L, 4, 3] or [L, 4, 3], got torch.Size([1, 68, 4, 3])
2025-12-03 03:37:50,483 - hybrid.data.streaming_dataset - ERROR - Invalid coordinate tensor shape for proteinmpnn/inputs/PDB_monomers/pdbs/5L33.pdb: expected [B, L, 4, 3] or [L, 4, 3], got torch.Size([1, 106, 4, 3])
2025-12-03 03:37:50,490 - hybrid.data.streaming_dataset - ERROR - Invalid coordinate tensor shape for proteinmpnn/inputs/PDB_monomers/pdbs/5L33.pdb: expected [B, L, 4, 3] or [L, 4, 3], got torch.Size([1, 106, 4, 3])
2025-12-03 03:37:50,497 - hybrid.data.streaming_dataset - ERROR - Invalid coordinate tensor shape for proteinmpnn/inputs/PDB_monomers/pdbs/5L33.pdb: expected [B, L, 4, 3] or [L, 4, 3], got torch.Size([1, 106, 4, 3])
2025-12-03 03:37:50,507 - hybrid.data.streaming_dataset - ERROR - Invalid coordinate tensor shape for proteinmpnn/inputs/PDB_monomers/pdbs/5L33.pdb: expected [B, L, 4, 3] or [L, 4, 3], got torch.Size([1, 106, 4, 3])
2025-12-03 03:37:50,516 - hybrid.data.streaming_dataset - ERROR - Invalid coordinate tensor shape for proteinmpnn/inputs/PDB_monomers/pdbs/5L33.pdb: expected [B, L, 4, 3] or [L, 4, 3], got torch.Size([1, 106, 4, 3])
2025-12-03 03:37:50,523 - hybrid.data.streaming_dataset - ERROR - Invalid coordinate tensor shape for proteinmpnn/inputs/PDB_monomers/pdbs/5L33.pdb: expected [B, L, 4, 3] or [L, 4, 3], got torch.Size([1, 106, 4, 3])
2025-12-03 03:37:50,537 - hybrid.data.streaming_dataset - ERROR - Invalid coordinate tensor shape for proteinmpnn/inputs/PDB_monomers/pdbs/5L33.pdb: expected [B, L, 4, 3] or [L, 4, 3], got torch.Size([1, 106, 4, 3])
2025-12-03 03:37:50,537 - hybrid.data.streaming_dataset - WARNING - Failed to generate positive sample after maximum attempts
2025-12-03 03:37:50,544 - hybrid.data.streaming_dataset - ERROR - Invalid coordinate tensor shape for proteinmpnn/inputs/PDB_monomers/pdbs/5L33.pdb: expected [B, L, 4, 3] or [L, 4, 3], got torch.Size([1, 106, 4, 3])
2025-12-03 03:37:50,554 - hybrid.data.streaming_dataset - ERROR - Invalid coordinate tensor shape for proteinmpnn/inputs/PDB_monomers/pdbs/6MRR.pdb: expected [B, L, 4, 3] or [L, 4, 3], got torch.Size([1, 68, 4, 3])
2025-12-03 03:37:50,562 - hybrid.data.streaming_dataset - ERROR - Invalid coordinate tensor shape for proteinmpnn/inputs/PDB_monomers/pdbs/5L33.pdb: expected [B, L, 4, 3] or [L, 4, 3], got torch.Size([1, 106, 4, 3])
2025-12-03 03:37:50,572 - hybrid.data.streaming_dataset - ERROR - Invalid coordinate tensor shape for proteinmpnn/inputs/PDB_monomers/pdbs/5L33.pdb: expected [B, L, 4, 3] or [L, 4, 3], got torch.Size([1, 106, 4, 3])
2025-12-03 03:37:50,580 - hybrid.data.streaming_dataset - ERROR - Invalid coordinate tensor shape for proteinmpnn/inputs/PDB_monomers/pdbs/6MRR.pdb: expected [B, L, 4, 3] or [L, 4, 3], got torch.Size([1, 68, 4, 3])
2025-12-03 03:37:50,586 - hybrid.data.streaming_dataset - ERROR - Invalid coordinate tensor shape for proteinmpnn/inputs/PDB_monomers/pdbs/5L33.pdb: expected [B, L, 4, 3] or [L, 4, 3], got torch.Size([1, 106, 4, 3])
2025-12-03 03:37:50,595 - hybrid.data.streaming_dataset - ERROR - Invalid coordinate tensor shape for proteinmpnn/inputs/PDB_monomers/pdbs/5L33.pdb: expected [B, L, 4, 3] or [L, 4, 3], got torch.Size([1, 106, 4, 3])
2025-12-03 03:37:50,602 - hybrid.data.streaming_dataset - ERROR - Invalid coordinate tensor shape for proteinmpnn/inputs/PDB_monomers/pdbs/5L33.pdb: expected [B, L, 4, 3] or [L, 4, 3], got torch.Size([1, 106, 4, 3])
2025-12-03 03:37:50,608 - hybrid.data.streaming_dataset - ERROR - Invalid coordinate tensor shape for proteinmpnn/inputs/PDB_monomers/pdbs/5L33.pdb: expected [B, L, 4, 3] or [L, 4, 3], got torch.Size([1, 106, 4, 3])
2025-12-03 03:37:50,614 - hybrid.data.streaming_dataset - ERROR - Invalid coordinate tensor shape for proteinmpnn/inputs/PDB_monomers/pdbs/5L33.pdb: expected [B, L, 4, 3] or [L, 4, 3], got torch.Size([1, 106, 4, 3])
2025-12-03 03:37:50,614 - hybrid.data.streaming_dataset - WARNING - Failed to generate positive sample after maximum attempts
2025-12-03 03:37:51,506 - hybrid.data.streaming_dataset - ERROR - Invalid coordinate tensor shape for proteinmpnn/inputs/PDB_monomers/pdbs/5L33.pdb: expected [B, L, 4, 3] or [L, 4, 3], got torch.Size([1, 106, 4, 3])
2025-12-03 03:37:51,512 - hybrid.data.streaming_dataset - ERROR - Invalid coordinate tensor shape for proteinmpnn/inputs/PDB_monomers/pdbs/6MRR.pdb: expected [B, L, 4, 3] or [L, 4, 3], got torch.Size([1, 68, 4, 3])
2025-12-03 03:37:51,519 - hybrid.data.streaming_dataset - ERROR - Invalid coordinate tensor shape for proteinmpnn/inputs/PDB_monomers/pdbs/5L33.pdb: expected [B, L, 4, 3] or [L, 4, 3], got torch.Size([1, 106, 4, 3])
2025-12-03 03:37:51,525 - hybrid.data.streaming_dataset - ERROR - Invalid coordinate tensor shape for proteinmpnn/inputs/PDB_monomers/pdbs/5L33.pdb: expected [B, L, 4, 3] or [L, 4, 3], got torch.Size([1, 106, 4, 3])
2025-12-03 03:37:51,531 - hybrid.data.streaming_dataset - ERROR - Invalid coordinate tensor shape for proteinmpnn/inputs/PDB_monomers/pdbs/6MRR.pdb: expected [B, L, 4, 3] or [L, 4, 3], got torch.Size([1, 68, 4, 3])
2025-12-03 03:37:51,537 - hybrid.data.streaming_dataset - ERROR - Invalid coordinate tensor shape for proteinmpnn/inputs/PDB_monomers/pdbs/5L33.pdb: expected [B, L, 4, 3] or [L, 4, 3], got torch.Size([1, 106, 4, 3])
2025-12-03 03:37:51,542 - hybrid.data.streaming_dataset - ERROR - Invalid coordinate tensor shape for proteinmpnn/inputs/PDB_monomers/pdbs/5L33.pdb: expected [B, L, 4, 3] or [L, 4, 3], got torch.Size([1, 106, 4, 3])
2025-12-03 03:37:51,551 - hybrid.data.streaming_dataset - ERROR - Invalid coordinate tensor shape for proteinmpnn/inputs/PDB_monomers/pdbs/6MRR.pdb: expected [B, L, 4, 3] or [L, 4, 3], got torch.Size([1, 68, 4, 3])
2025-12-03 03:37:51,557 - hybrid.data.streaming_dataset - ERROR - Invalid coordinate tensor shape for proteinmpnn/inputs/PDB_monomers/pdbs/5L33.pdb: expected [B, L, 4, 3] or [L, 4, 3], got torch.Size([1, 106, 4, 3])
2025-12-03 03:37:51,563 - hybrid.data.streaming_dataset - ERROR - Invalid coordinate tensor shape for proteinmpnn/inputs/PDB_monomers/pdbs/5L33.pdb: expected [B, L, 4, 3] or [L, 4, 3], got torch.Size([1, 106, 4, 3])
2025-12-03 03:37:51,563 - hybrid.data.streaming_dataset - WARNING - Failed to generate positive sample after maximum attempts
2025-12-03 03:37:52,292 - hybrid.data.streaming_dataset - ERROR - Invalid coordinate tensor shape for proteinmpnn/inputs/PDB_monomers/pdbs/6MRR.pdb: expected [B, L, 4, 3] or [L, 4, 3], got torch.Size([1, 68, 4, 3])
2025-12-03 03:37:52,305 - hybrid.data.streaming_dataset - ERROR - Invalid coordinate tensor shape for proteinmpnn/inputs/PDB_monomers/pdbs/5L33.pdb: expected [B, L, 4, 3] or [L, 4, 3], got torch.Size([1, 106, 4, 3])
2025-12-03 03:37:52,320 - hybrid.data.streaming_dataset - ERROR - Invalid coordinate tensor shape for proteinmpnn/inputs/PDB_monomers/pdbs/5L33.pdb: expected [B, L, 4, 3] or [L, 4, 3], got torch.Size([1, 106, 4, 3])
2025-12-03 03:37:52,346 - hybrid.data.streaming_dataset - ERROR - Invalid coordinate tensor shape for proteinmpnn/inputs/PDB_monomers/pdbs/6MRR.pdb: expected [B, L, 4, 3] or [L, 4, 3], got torch.Size([1, 68, 4, 3])
2025-12-03 03:37:52,359 - hybrid.data.streaming_dataset - ERROR - Invalid coordinate tensor shape for proteinmpnn/inputs/PDB_monomers/pdbs/6MRR.pdb: expected [B, L, 4, 3] or [L, 4, 3], got torch.Size([1, 68, 4, 3])
2025-12-03 03:37:52,367 - hybrid.data.streaming_dataset - ERROR - Invalid coordinate tensor shape for proteinmpnn/inputs/PDB_monomers/pdbs/5L33.pdb: expected [B, L, 4, 3] or [L, 4, 3], got torch.Size([1, 106, 4, 3])
2025-12-03 03:37:52,372 - hybrid.data.streaming_dataset - ERROR - Invalid coordinate tensor shape for proteinmpnn/inputs/PDB_monomers/pdbs/5L33.pdb: expected [B, L, 4, 3] or [L, 4, 3], got torch.Size([1, 106, 4, 3])
2025-12-03 03:37:52,380 - hybrid.data.streaming_dataset - ERROR - Invalid coordinate tensor shape for proteinmpnn/inputs/PDB_monomers/pdbs/6MRR.pdb: expected [B, L, 4, 3] or [L, 4, 3], got torch.Size([1, 68, 4, 3])
2025-12-03 03:37:52,408 - hybrid.data.streaming_dataset - ERROR - Invalid coordinate tensor shape for proteinmpnn/inputs/PDB_monomers/pdbs/6MRR.pdb: expected [B, L, 4, 3] or [L, 4, 3], got torch.Size([1, 68, 4, 3])
2025-12-03 03:37:52,418 - hybrid.data.streaming_dataset - ERROR - Invalid coordinate tensor shape for proteinmpnn/inputs/PDB_monomers/pdbs/6MRR.pdb: expected [B, L, 4, 3] or [L, 4, 3], got torch.Size([1, 68, 4, 3])
2025-12-03 03:37:52,418 - hybrid.data.streaming_dataset - WARNING - Failed to generate positive sample after maximum attempts
2025-12-03 03:37:52,425 - hybrid.data.streaming_dataset - ERROR - Invalid coordinate tensor shape for proteinmpnn/inputs/PDB_monomers/pdbs/6MRR.pdb: expected [B, L, 4, 3] or [L, 4, 3], got torch.Size([1, 68, 4, 3])
2025-12-03 03:37:52,431 - hybrid.data.streaming_dataset - ERROR - Invalid coordinate tensor shape for proteinmpnn/inputs/PDB_monomers/pdbs/6MRR.pdb: expected [B, L, 4, 3] or [L, 4, 3], got torch.Size([1, 68, 4, 3])
2025-12-03 03:37:52,438 - hybrid.data.streaming_dataset - ERROR - Invalid coordinate tensor shape for proteinmpnn/inputs/PDB_monomers/pdbs/5L33.pdb: expected [B, L, 4, 3] or [L, 4, 3], got torch.Size([1, 106, 4, 3])
2025-12-03 03:37:52,452 - hybrid.data.streaming_dataset - ERROR - Invalid coordinate tensor shape for proteinmpnn/inputs/PDB_monomers/pdbs/5L33.pdb: expected [B, L, 4, 3] or [L, 4, 3], got torch.Size([1, 106, 4, 3])
2025-12-03 03:37:52,459 - hybrid.data.streaming_dataset - ERROR - Invalid coordinate tensor shape for proteinmpnn/inputs/PDB_monomers/pdbs/6MRR.pdb: expected [B, L, 4, 3] or [L, 4, 3], got torch.Size([1, 68, 4, 3])
2025-12-03 03:37:52,504 - hybrid.data.streaming_dataset - ERROR - Invalid coordinate tensor shape for proteinmpnn/inputs/PDB_monomers/pdbs/5L33.pdb: expected [B, L, 4, 3] or [L, 4, 3], got torch.Size([1, 106, 4, 3])
2025-12-03 03:37:52,515 - hybrid.data.streaming_dataset - ERROR - Invalid coordinate tensor shape for proteinmpnn/inputs/PDB_monomers/pdbs/5L33.pdb: expected [B, L, 4, 3] or [L, 4, 3], got torch.Size([1, 106, 4, 3])
2025-12-03 03:37:52,528 - hybrid.data.streaming_dataset - ERROR - Invalid coordinate tensor shape for proteinmpnn/inputs/PDB_monomers/pdbs/5L33.pdb: expected [B, L, 4, 3] or [L, 4, 3], got torch.Size([1, 106, 4, 3])
2025-12-03 03:37:52,540 - hybrid.data.streaming_dataset - ERROR - Invalid coordinate tensor shape for proteinmpnn/inputs/PDB_monomers/pdbs/6MRR.pdb: expected [B, L, 4, 3] or [L, 4, 3], got torch.Size([1, 68, 4, 3])
2025-12-03 03:37:52,547 - hybrid.data.streaming_dataset - ERROR - Invalid coordinate tensor shape for proteinmpnn/inputs/PDB_monomers/pdbs/6MRR.pdb: expected [B, L, 4, 3] or [L, 4, 3], got torch.Size([1, 68, 4, 3])
2025-12-03 03:37:52,548 - hybrid.data.streaming_dataset - WARNING - Failed to generate positive sample after maximum attempts
2025-12-03 03:37:52,557 - hybrid.data.streaming_dataset - ERROR - Invalid coordinate tensor shape for proteinmpnn/inputs/PDB_monomers/pdbs/6MRR.pdb: expected [B, L, 4, 3] or [L, 4, 3], got torch.Size([1, 68, 4, 3])
2025-12-03 03:37:52,565 - hybrid.data.streaming_dataset - ERROR - Invalid coordinate tensor shape for proteinmpnn/inputs/PDB_monomers/pdbs/6MRR.pdb: expected [B, L, 4, 3] or [L, 4, 3], got torch.Size([1, 68, 4, 3])
2025-12-03 03:37:52,584 - hybrid.data.streaming_dataset - ERROR - Invalid coordinate tensor shape for proteinmpnn/inputs/PDB_monomers/pdbs/6MRR.pdb: expected [B, L, 4, 3] or [L, 4, 3], got torch.Size([1, 68, 4, 3])
2025-12-03 03:37:52,599 - hybrid.data.streaming_dataset - ERROR - Invalid coordinate tensor shape for proteinmpnn/inputs/PDB_monomers/pdbs/5L33.pdb: expected [B, L, 4, 3] or [L, 4, 3], got torch.Size([1, 106, 4, 3])
2025-12-03 03:37:52,613 - hybrid.data.streaming_dataset - ERROR - Invalid coordinate tensor shape for proteinmpnn/inputs/PDB_monomers/pdbs/5L33.pdb: expected [B, L, 4, 3] or [L, 4, 3], got torch.Size([1, 106, 4, 3])
2025-12-03 03:37:52,623 - hybrid.data.streaming_dataset - ERROR - Invalid coordinate tensor shape for proteinmpnn/inputs/PDB_monomers/pdbs/5L33.pdb: expected [B, L, 4, 3] or [L, 4, 3], got torch.Size([1, 106, 4, 3])
2025-12-03 03:37:52,633 - hybrid.data.streaming_dataset - ERROR - Invalid coordinate tensor shape for proteinmpnn/inputs/PDB_monomers/pdbs/6MRR.pdb: expected [B, L, 4, 3] or [L, 4, 3], got torch.Size([1, 68, 4, 3])
2025-12-03 03:37:52,644 - hybrid.data.streaming_dataset - ERROR - Invalid coordinate tensor shape for proteinmpnn/inputs/PDB_monomers/pdbs/6MRR.pdb: expected [B, L, 4, 3] or [L, 4, 3], got torch.Size([1, 68, 4, 3])
2025-12-03 03:37:52,653 - hybrid.data.streaming_dataset - ERROR - Invalid coordinate tensor shape for proteinmpnn/inputs/PDB_monomers/pdbs/5L33.pdb: expected [B, L, 4, 3] or [L, 4, 3], got torch.Size([1, 106, 4, 3])
2025-12-03 03:37:52,661 - hybrid.data.streaming_dataset - ERROR - Invalid coordinate tensor shape for proteinmpnn/inputs/PDB_monomers/pdbs/6MRR.pdb: expected [B, L, 4, 3] or [L, 4, 3], got torch.Size([1, 68, 4, 3])
2025-12-03 03:37:52,661 - hybrid.data.streaming_dataset - WARNING - Failed to generate positive sample after maximum attempts
2025-12-03 03:37:53,179 - hybrid.data.streaming_dataset - ERROR - Invalid coordinate tensor shape for proteinmpnn/inputs/PDB_monomers/pdbs/6MRR.pdb: expected [B, L, 4, 3] or [L, 4, 3], got torch.Size([1, 68, 4, 3])
2025-12-03 03:37:53,186 - hybrid.data.streaming_dataset - ERROR - Invalid coordinate tensor shape for proteinmpnn/inputs/PDB_monomers/pdbs/6MRR.pdb: expected [B, L, 4, 3] or [L, 4, 3], got torch.Size([1, 68, 4, 3])
2025-12-03 03:37:53,193 - hybrid.data.streaming_dataset - ERROR - Invalid coordinate tensor shape for proteinmpnn/inputs/PDB_monomers/pdbs/5L33.pdb: expected [B, L, 4, 3] or [L, 4, 3], got torch.Size([1, 106, 4, 3])
2025-12-03 03:37:53,200 - hybrid.data.streaming_dataset - ERROR - Invalid coordinate tensor shape for proteinmpnn/inputs/PDB_monomers/pdbs/6MRR.pdb: expected [B, L, 4, 3] or [L, 4, 3], got torch.Size([1, 68, 4, 3])
2025-12-03 03:37:53,207 - hybrid.data.streaming_dataset - ERROR - Invalid coordinate tensor shape for proteinmpnn/inputs/PDB_monomers/pdbs/6MRR.pdb: expected [B, L, 4, 3] or [L, 4, 3], got torch.Size([1, 68, 4, 3])
2025-12-03 03:37:53,213 - hybrid.data.streaming_dataset - ERROR - Invalid coordinate tensor shape for proteinmpnn/inputs/PDB_monomers/pdbs/6MRR.pdb: expected [B, L, 4, 3] or [L, 4, 3], got torch.Size([1, 68, 4, 3])
2025-12-03 03:37:53,221 - hybrid.data.streaming_dataset - ERROR - Invalid coordinate tensor shape for proteinmpnn/inputs/PDB_monomers/pdbs/6MRR.pdb: expected [B, L, 4, 3] or [L, 4, 3], got torch.Size([1, 68, 4, 3])
2025-12-03 03:37:53,227 - hybrid.data.streaming_dataset - ERROR - Invalid coordinate tensor shape for proteinmpnn/inputs/PDB_monomers/pdbs/6MRR.pdb: expected [B, L, 4, 3] or [L, 4, 3], got torch.Size([1, 68, 4, 3])
2025-12-03 03:37:53,232 - hybrid.data.streaming_dataset - ERROR - Invalid coordinate tensor shape for proteinmpnn/inputs/PDB_monomers/pdbs/5L33.pdb: expected [B, L, 4, 3] or [L, 4, 3], got torch.Size([1, 106, 4, 3])
2025-12-03 03:37:53,238 - hybrid.data.streaming_dataset - ERROR - Invalid coordinate tensor shape for proteinmpnn/inputs/PDB_monomers/pdbs/6MRR.pdb: expected [B, L, 4, 3] or [L, 4, 3], got torch.Size([1, 68, 4, 3])
2025-12-03 03:37:53,239 - hybrid.data.streaming_dataset - WARNING - Failed to generate positive sample after maximum attempts
2025-12-03 03:37:53,830 - hybrid.data.streaming_dataset - ERROR - Invalid coordinate tensor shape for proteinmpnn/inputs/PDB_monomers/pdbs/5L33.pdb: expected [B, L, 4, 3] or [L, 4, 3], got torch.Size([1, 106, 4, 3])
2025-12-03 03:37:53,836 - hybrid.data.streaming_dataset - ERROR - Invalid coordinate tensor shape for proteinmpnn/inputs/PDB_monomers/pdbs/6MRR.pdb: expected [B, L, 4, 3] or [L, 4, 3], got torch.Size([1, 68, 4, 3])
2025-12-03 03:37:53,842 - hybrid.data.streaming_dataset - ERROR - Invalid coordinate tensor shape for proteinmpnn/inputs/PDB_monomers/pdbs/5L33.pdb: expected [B, L, 4, 3] or [L, 4, 3], got torch.Size([1, 106, 4, 3])
2025-12-03 03:37:53,848 - hybrid.data.streaming_dataset - ERROR - Invalid coordinate tensor shape for proteinmpnn/inputs/PDB_monomers/pdbs/6MRR.pdb: expected [B, L, 4, 3] or [L, 4, 3], got torch.Size([1, 68, 4, 3])
2025-12-03 03:37:53,854 - hybrid.data.streaming_dataset - ERROR - Invalid coordinate tensor shape for proteinmpnn/inputs/PDB_monomers/pdbs/6MRR.pdb: expected [B, L, 4, 3] or [L, 4, 3], got torch.Size([1, 68, 4, 3])
2025-12-03 03:37:53,860 - hybrid.data.streaming_dataset - ERROR - Invalid coordinate tensor shape for proteinmpnn/inputs/PDB_monomers/pdbs/6MRR.pdb: expected [B, L, 4, 3] or [L, 4, 3], got torch.Size([1, 68, 4, 3])
2025-12-03 03:37:53,865 - hybrid.data.streaming_dataset - ERROR - Invalid coordinate tensor shape for proteinmpnn/inputs/PDB_monomers/pdbs/5L33.pdb: expected [B, L, 4, 3] or [L, 4, 3], got torch.Size([1, 106, 4, 3])
2025-12-03 03:37:53,872 - hybrid.data.streaming_dataset - ERROR - Invalid coordinate tensor shape for proteinmpnn/inputs/PDB_monomers/pdbs/6MRR.pdb: expected [B, L, 4, 3] or [L, 4, 3], got torch.Size([1, 68, 4, 3])
2025-12-03 03:37:53,878 - hybrid.data.streaming_dataset - ERROR - Invalid coordinate tensor shape for proteinmpnn/inputs/PDB_monomers/pdbs/6MRR.pdb: expected [B, L, 4, 3] or [L, 4, 3], got torch.Size([1, 68, 4, 3])
2025-12-03 03:37:53,884 - hybrid.data.streaming_dataset - ERROR - Invalid coordinate tensor shape for proteinmpnn/inputs/PDB_monomers/pdbs/6MRR.pdb: expected [B, L, 4, 3] or [L, 4, 3], got torch.Size([1, 68, 4, 3])
2025-12-03 03:37:53,884 - hybrid.data.streaming_dataset - WARNING - Failed to generate positive sample after maximum attempts
2025-12-03 03:37:53,888 - hybrid.data.streaming_dataset - ERROR - Invalid coordinate tensor shape for proteinmpnn/inputs/PDB_monomers/pdbs/5L33.pdb: expected [B, L, 4, 3] or [L, 4, 3], got torch.Size([1, 106, 4, 3])
2025-12-03 03:37:53,894 - hybrid.data.streaming_dataset - ERROR - Invalid coordinate tensor shape for proteinmpnn/inputs/PDB_monomers/pdbs/6MRR.pdb: expected [B, L, 4, 3] or [L, 4, 3], got torch.Size([1, 68, 4, 3])
2025-12-03 03:37:53,898 - hybrid.data.streaming_dataset - ERROR - Invalid coordinate tensor shape for proteinmpnn/inputs/PDB_monomers/pdbs/5L33.pdb: expected [B, L, 4, 3] or [L, 4, 3], got torch.Size([1, 106, 4, 3])
2025-12-03 03:37:53,902 - hybrid.data.streaming_dataset - ERROR - Invalid coordinate tensor shape for proteinmpnn/inputs/PDB_monomers/pdbs/5L33.pdb: expected [B, L, 4, 3] or [L, 4, 3], got torch.Size([1, 106, 4, 3])
2025-12-03 03:37:53,907 - hybrid.data.streaming_dataset - ERROR - Invalid coordinate tensor shape for proteinmpnn/inputs/PDB_monomers/pdbs/6MRR.pdb: expected [B, L, 4, 3] or [L, 4, 3], got torch.Size([1, 68, 4, 3])
2025-12-03 03:37:53,912 - hybrid.data.streaming_dataset - ERROR - Invalid coordinate tensor shape for proteinmpnn/inputs/PDB_monomers/pdbs/6MRR.pdb: expected [B, L, 4, 3] or [L, 4, 3], got torch.Size([1, 68, 4, 3])
2025-12-03 03:37:53,917 - hybrid.data.streaming_dataset - ERROR - Invalid coordinate tensor shape for proteinmpnn/inputs/PDB_monomers/pdbs/5L33.pdb: expected [B, L, 4, 3] or [L, 4, 3], got torch.Size([1, 106, 4, 3])
2025-12-03 03:37:53,927 - hybrid.data.streaming_dataset - ERROR - Invalid coordinate tensor shape for proteinmpnn/inputs/PDB_monomers/pdbs/6MRR.pdb: expected [B, L, 4, 3] or [L, 4, 3], got torch.Size([1, 68, 4, 3])
2025-12-03 03:37:53,931 - hybrid.data.streaming_dataset - ERROR - Invalid coordinate tensor shape for proteinmpnn/inputs/PDB_monomers/pdbs/5L33.pdb: expected [B, L, 4, 3] or [L, 4, 3], got torch.Size([1, 106, 4, 3])
2025-12-03 03:37:53,935 - hybrid.data.streaming_dataset - ERROR - Invalid coordinate tensor shape for proteinmpnn/inputs/PDB_monomers/pdbs/6MRR.pdb: expected [B, L, 4, 3] or [L, 4, 3], got torch.Size([1, 68, 4, 3])
2025-12-03 03:37:53,935 - hybrid.data.streaming_dataset - WARNING - Failed to generate positive sample after maximum attempts
2025-12-03 03:37:55,051 - hybrid.data.streaming_dataset - ERROR - Invalid coordinate tensor shape for proteinmpnn/inputs/PDB_monomers/pdbs/5L33.pdb: expected [B, L, 4, 3] or [L, 4, 3], got torch.Size([1, 106, 4, 3])
2025-12-03 03:37:55,059 - hybrid.data.streaming_dataset - ERROR - Invalid coordinate tensor shape for proteinmpnn/inputs/PDB_monomers/pdbs/6MRR.pdb: expected [B, L, 4, 3] or [L, 4, 3], got torch.Size([1, 68, 4, 3])
2025-12-03 03:37:55,083 - hybrid.data.streaming_dataset - ERROR - Invalid coordinate tensor shape for proteinmpnn/inputs/PDB_monomers/pdbs/5L33.pdb: expected [B, L, 4, 3] or [L, 4, 3], got torch.Size([1, 106, 4, 3])
2025-12-03 03:37:55,090 - hybrid.data.streaming_dataset - ERROR - Invalid coordinate tensor shape for proteinmpnn/inputs/PDB_monomers/pdbs/5L33.pdb: expected [B, L, 4, 3] or [L, 4, 3], got torch.Size([1, 106, 4, 3])
2025-12-03 03:37:55,098 - hybrid.data.streaming_dataset - ERROR - Invalid coordinate tensor shape for proteinmpnn/inputs/PDB_monomers/pdbs/6MRR.pdb: expected [B, L, 4, 3] or [L, 4, 3], got torch.Size([1, 68, 4, 3])
2025-12-03 03:37:55,110 - hybrid.data.streaming_dataset - ERROR - Invalid coordinate tensor shape for proteinmpnn/inputs/PDB_monomers/pdbs/6MRR.pdb: expected [B, L, 4, 3] or [L, 4, 3], got torch.Size([1, 68, 4, 3])
2025-12-03 03:37:55,120 - hybrid.data.streaming_dataset - ERROR - Invalid coordinate tensor shape for proteinmpnn/inputs/PDB_monomers/pdbs/6MRR.pdb: expected [B, L, 4, 3] or [L, 4, 3], got torch.Size([1, 68, 4, 3])
2025-12-03 03:37:55,129 - hybrid.data.streaming_dataset - ERROR - Invalid coordinate tensor shape for proteinmpnn/inputs/PDB_monomers/pdbs/6MRR.pdb: expected [B, L, 4, 3] or [L, 4, 3], got torch.Size([1, 68, 4, 3])
2025-12-03 03:37:55,140 - hybrid.data.streaming_dataset - ERROR - Invalid coordinate tensor shape for proteinmpnn/inputs/PDB_monomers/pdbs/5L33.pdb: expected [B, L, 4, 3] or [L, 4, 3], got torch.Size([1, 106, 4, 3])
2025-12-03 03:37:55,158 - hybrid.data.streaming_dataset - ERROR - Invalid coordinate tensor shape for proteinmpnn/inputs/PDB_monomers/pdbs/5L33.pdb: expected [B, L, 4, 3] or [L, 4, 3], got torch.Size([1, 106, 4, 3])
2025-12-03 03:37:55,159 - hybrid.data.streaming_dataset - WARNING - Failed to generate positive sample after maximum attempts
2025-12-03 03:37:55,179 - hybrid.data.streaming_dataset - ERROR - Invalid coordinate tensor shape for proteinmpnn/inputs/PDB_monomers/pdbs/6MRR.pdb: expected [B, L, 4, 3] or [L, 4, 3], got torch.Size([1, 68, 4, 3])
2025-12-03 03:37:55,198 - hybrid.data.streaming_dataset - ERROR - Invalid coordinate tensor shape for proteinmpnn/inputs/PDB_monomers/pdbs/5L33.pdb: expected [B, L, 4, 3] or [L, 4, 3], got torch.Size([1, 106, 4, 3])
2025-12-03 03:37:55,214 - hybrid.data.streaming_dataset - ERROR - Invalid coordinate tensor shape for proteinmpnn/inputs/PDB_monomers/pdbs/5L33.pdb: expected [B, L, 4, 3] or [L, 4, 3], got torch.Size([1, 106, 4, 3])
2025-12-03 03:37:55,224 - hybrid.data.streaming_dataset - ERROR - Invalid coordinate tensor shape for proteinmpnn/inputs/PDB_monomers/pdbs/5L33.pdb: expected [B, L, 4, 3] or [L, 4, 3], got torch.Size([1, 106, 4, 3])
2025-12-03 03:37:55,234 - hybrid.data.streaming_dataset - ERROR - Invalid coordinate tensor shape for proteinmpnn/inputs/PDB_monomers/pdbs/5L33.pdb: expected [B, L, 4, 3] or [L, 4, 3], got torch.Size([1, 106, 4, 3])
2025-12-03 03:37:55,245 - hybrid.data.streaming_dataset - ERROR - Invalid coordinate tensor shape for proteinmpnn/inputs/PDB_monomers/pdbs/5L33.pdb: expected [B, L, 4, 3] or [L, 4, 3], got torch.Size([1, 106, 4, 3])
2025-12-03 03:37:55,277 - hybrid.data.streaming_dataset - ERROR - Invalid coordinate tensor shape for proteinmpnn/inputs/PDB_monomers/pdbs/6MRR.pdb: expected [B, L, 4, 3] or [L, 4, 3], got torch.Size([1, 68, 4, 3])
2025-12-03 03:37:55,292 - hybrid.data.streaming_dataset - ERROR - Invalid coordinate tensor shape for proteinmpnn/inputs/PDB_monomers/pdbs/6MRR.pdb: expected [B, L, 4, 3] or [L, 4, 3], got torch.Size([1, 68, 4, 3])
2025-12-03 03:37:55,298 - hybrid.data.streaming_dataset - ERROR - Invalid coordinate tensor shape for proteinmpnn/inputs/PDB_monomers/pdbs/6MRR.pdb: expected [B, L, 4, 3] or [L, 4, 3], got torch.Size([1, 68, 4, 3])
2025-12-03 03:37:55,305 - hybrid.data.streaming_dataset - ERROR - Invalid coordinate tensor shape for proteinmpnn/inputs/PDB_monomers/pdbs/6MRR.pdb: expected [B, L, 4, 3] or [L, 4, 3], got torch.Size([1, 68, 4, 3])
2025-12-03 03:37:55,305 - hybrid.data.streaming_dataset - WARNING - Failed to generate positive sample after maximum attempts
2025-12-03 03:37:55,314 - hybrid.data.streaming_dataset - ERROR - Invalid coordinate tensor shape for proteinmpnn/inputs/PDB_monomers/pdbs/6MRR.pdb: expected [B, L, 4, 3] or [L, 4, 3], got torch.Size([1, 68, 4, 3])
2025-12-03 03:37:55,325 - hybrid.data.streaming_dataset - ERROR - Invalid coordinate tensor shape for proteinmpnn/inputs/PDB_monomers/pdbs/5L33.pdb: expected [B, L, 4, 3] or [L, 4, 3], got torch.Size([1, 106, 4, 3])
2025-12-03 03:37:55,333 - hybrid.data.streaming_dataset - ERROR - Invalid coordinate tensor shape for proteinmpnn/inputs/PDB_monomers/pdbs/5L33.pdb: expected [B, L, 4, 3] or [L, 4, 3], got torch.Size([1, 106, 4, 3])
2025-12-03 03:37:55,341 - hybrid.data.streaming_dataset - ERROR - Invalid coordinate tensor shape for proteinmpnn/inputs/PDB_monomers/pdbs/5L33.pdb: expected [B, L, 4, 3] or [L, 4, 3], got torch.Size([1, 106, 4, 3])
2025-12-03 03:37:55,349 - hybrid.data.streaming_dataset - ERROR - Invalid coordinate tensor shape for proteinmpnn/inputs/PDB_monomers/pdbs/5L33.pdb: expected [B, L, 4, 3] or [L, 4, 3], got torch.Size([1, 106, 4, 3])
2025-12-03 03:37:55,355 - hybrid.data.streaming_dataset - ERROR - Invalid coordinate tensor shape for proteinmpnn/inputs/PDB_monomers/pdbs/5L33.pdb: expected [B, L, 4, 3] or [L, 4, 3], got torch.Size([1, 106, 4, 3])
2025-12-03 03:37:55,362 - hybrid.data.streaming_dataset - ERROR - Invalid coordinate tensor shape for proteinmpnn/inputs/PDB_monomers/pdbs/5L33.pdb: expected [B, L, 4, 3] or [L, 4, 3], got torch.Size([1, 106, 4, 3])
2025-12-03 03:37:55,372 - hybrid.data.streaming_dataset - ERROR - Invalid coordinate tensor shape for proteinmpnn/inputs/PDB_monomers/pdbs/6MRR.pdb: expected [B, L, 4, 3] or [L, 4, 3], got torch.Size([1, 68, 4, 3])
2025-12-03 03:37:55,537 - hybrid.data.streaming_dataset - ERROR - Invalid coordinate tensor shape for proteinmpnn/inputs/PDB_monomers/pdbs/6MRR.pdb: expected [B, L, 4, 3] or [L, 4, 3], got torch.Size([1, 68, 4, 3])
2025-12-03 03:37:55,648 - hybrid.data.streaming_dataset - ERROR - Invalid coordinate tensor shape for proteinmpnn/inputs/PDB_monomers/pdbs/6MRR.pdb: expected [B, L, 4, 3] or [L, 4, 3], got torch.Size([1, 68, 4, 3])
2025-12-03 03:37:55,649 - hybrid.data.streaming_dataset - WARNING - Failed to generate positive sample after maximum attempts
2025-12-03 03:38:32,773 - __main__ - INFO - Cache directory: ${STREAMING_CACHE_DIR:-./cache/streaming}
2025-12-03 03:38:32,773 - __main__ - INFO - Checkpoint directory: checkpoints
2025-12-03 03:38:32,774 - __main__ - INFO - Setting up streaming dataset...
2025-12-03 03:38:32,777 - hybrid.data.pdb_manager - INFO - Built structure index with 2 structures
2025-12-03 03:38:32,780 - hybrid.data.streaming_dataset - INFO - Timing collection enabled with window size 1000
2025-12-03 03:38:32,781 - hybrid.data.streaming_dataset - INFO - Built data index with 2 samples
2025-12-03 03:38:32,781 - __main__ - INFO - Applying A100 streaming optimizations...
2025-12-03 03:38:32,783 - hybrid.data.streaming_dataset - INFO - Starting cache warming for 2 PDB structures
2025-12-03 03:38:32,783 - hybrid.data.streaming_dataset - INFO - Enabling adaptive prefetch for 2 upcoming structures
2025-12-03 03:38:32,784 - __main__ - INFO - A100 optimizations applied: {'cache_optimizations': ['Increased memory cache to 0GB for A100 environment', 'Increased disk cache to 13GB for high-performance storage', 'Pre-warmed cache with 0 popular structures'], 'dataset_optimizations': ['Pre-warmed cache with 0 structures', 'Enabled adaptive prefetching'], 'performance_estimates': {'current_hit_rate': 0.0, 'estimated_hit_rate_post_optimization': 0.9, 'estimated_throughput_improvement_percent': 90.0, 'memory_utilization_target': '60-80% for optimal performance', 'concurrent_downloads_optimized': 16, 'cache_sizes': {'memory_cache_gb': 0, 'disk_cache_gb': 13}, 'optimized_workers': 16, 'optimized_prefetch_factor': 8, 'expected_throughput_improvement': '15-30%', 'memory_efficiency': 'Optimized for A100 80GB VRAM', 'bandwidth_utilization': 'Optimized for high-bandwidth storage'}}
2025-12-03 03:38:32,785 - __main__ - INFO - Streaming dataset setup complete
2025-12-03 03:38:32,785 - __main__ - INFO - Setting up model...
2025-12-03 03:38:33,486 - __main__ - INFO - Mixed precision training enabled
2025-12-03 03:38:33,487 - __main__ - INFO - Model parameters: 3,541,318 total, 1,878,145 trainable
2025-12-03 03:38:40,569 - __main__ - INFO - Optimizer and scheduler setup complete
2025-12-03 03:38:40,569 - __main__ - INFO - TensorBoard logging to: ${TENSORBOARD_LOG_DIR:-./logs/tensorboard}
2025-12-03 03:38:40,569 - __main__ - INFO - StreamingTrainer initialized on device: cpu
2025-12-03 03:38:40,569 - __main__ - INFO - Starting streaming training...
2025-12-03 03:38:40,570 - __main__ - INFO - Starting epoch 1/300
2025-12-03 03:38:40,768 - hybrid.data.streaming_dataset - INFO - Starting dataset iteration with 2 available samples
2025-12-03 03:38:45,189 - hybrid.data.streaming_dataset - ERROR - Tensor length mismatch: coords=4, tokens=106, mask=106, expected=106
2025-12-03 03:38:45,202 - hybrid.data.streaming_dataset - ERROR - Tensor length mismatch: coords=4, tokens=68, mask=68, expected=68
2025-12-03 03:38:45,214 - hybrid.data.streaming_dataset - ERROR - Tensor length mismatch: coords=4, tokens=106, mask=106, expected=106
2025-12-03 03:38:45,226 - hybrid.data.streaming_dataset - ERROR - Tensor length mismatch: coords=4, tokens=106, mask=106, expected=106
2025-12-03 03:38:45,235 - hybrid.data.streaming_dataset - ERROR - Tensor length mismatch: coords=4, tokens=106, mask=106, expected=106
2025-12-03 03:38:45,293 - hybrid.data.streaming_dataset - ERROR - Tensor length mismatch: coords=4, tokens=106, mask=106, expected=106
2025-12-03 03:38:45,311 - hybrid.data.streaming_dataset - ERROR - Tensor length mismatch: coords=4, tokens=106, mask=106, expected=106
2025-12-03 03:38:45,352 - hybrid.data.streaming_dataset - ERROR - Tensor length mismatch: coords=4, tokens=106, mask=106, expected=106
2025-12-03 03:38:45,421 - hybrid.data.streaming_dataset - ERROR - Tensor length mismatch: coords=4, tokens=106, mask=106, expected=106
2025-12-03 03:38:45,436 - hybrid.data.streaming_dataset - ERROR - Tensor length mismatch: coords=4, tokens=68, mask=68, expected=68
2025-12-03 03:38:45,436 - hybrid.data.streaming_dataset - WARNING - Failed to generate positive sample after maximum attempts
2025-12-03 03:38:45,451 - hybrid.data.streaming_dataset - ERROR - Tensor length mismatch: coords=4, tokens=106, mask=106, expected=106
2025-12-03 03:38:45,467 - hybrid.data.streaming_dataset - ERROR - Tensor length mismatch: coords=4, tokens=106, mask=106, expected=106
2025-12-03 03:38:45,485 - hybrid.data.streaming_dataset - ERROR - Tensor length mismatch: coords=4, tokens=68, mask=68, expected=68
2025-12-03 03:38:45,512 - hybrid.data.streaming_dataset - ERROR - Tensor length mismatch: coords=4, tokens=68, mask=68, expected=68
2025-12-03 03:38:45,573 - hybrid.data.streaming_dataset - ERROR - Tensor length mismatch: coords=4, tokens=68, mask=68, expected=68
2025-12-03 03:38:45,925 - hybrid.data.streaming_dataset - ERROR - Tensor length mismatch: coords=4, tokens=106, mask=106, expected=106
2025-12-03 03:38:45,954 - hybrid.data.streaming_dataset - ERROR - Tensor length mismatch: coords=4, tokens=106, mask=106, expected=106
2025-12-03 03:38:45,977 - hybrid.data.streaming_dataset - ERROR - Tensor length mismatch: coords=4, tokens=68, mask=68, expected=68
2025-12-03 03:38:45,992 - hybrid.data.streaming_dataset - ERROR - Tensor length mismatch: coords=4, tokens=106, mask=106, expected=106
2025-12-03 03:38:46,045 - hybrid.data.streaming_dataset - ERROR - Tensor length mismatch: coords=4, tokens=106, mask=106, expected=106
2025-12-03 03:38:46,046 - hybrid.data.streaming_dataset - WARNING - Failed to generate positive sample after maximum attempts
2025-12-03 03:38:48,111 - hybrid.data.streaming_dataset - ERROR - Tensor length mismatch: coords=4, tokens=68, mask=68, expected=68
2025-12-03 03:38:48,116 - hybrid.data.streaming_dataset - ERROR - Tensor length mismatch: coords=4, tokens=106, mask=106, expected=106
2025-12-03 03:38:48,122 - hybrid.data.streaming_dataset - ERROR - Tensor length mismatch: coords=4, tokens=68, mask=68, expected=68
2025-12-03 03:38:48,128 - hybrid.data.streaming_dataset - ERROR - Tensor length mismatch: coords=4, tokens=106, mask=106, expected=106
2025-12-03 03:38:48,135 - hybrid.data.streaming_dataset - ERROR - Tensor length mismatch: coords=4, tokens=68, mask=68, expected=68
2025-12-03 03:38:48,142 - hybrid.data.streaming_dataset - ERROR - Tensor length mismatch: coords=4, tokens=68, mask=68, expected=68
2025-12-03 03:38:48,150 - hybrid.data.streaming_dataset - ERROR - Tensor length mismatch: coords=4, tokens=106, mask=106, expected=106
2025-12-03 03:38:48,156 - hybrid.data.streaming_dataset - ERROR - Tensor length mismatch: coords=4, tokens=106, mask=106, expected=106
2025-12-03 03:38:48,162 - hybrid.data.streaming_dataset - ERROR - Tensor length mismatch: coords=4, tokens=106, mask=106, expected=106
2025-12-03 03:38:48,168 - hybrid.data.streaming_dataset - ERROR - Tensor length mismatch: coords=4, tokens=106, mask=106, expected=106
2025-12-03 03:38:48,169 - hybrid.data.streaming_dataset - WARNING - Failed to generate positive sample after maximum attempts
2025-12-03 03:38:49,456 - hybrid.data.streaming_dataset - ERROR - Tensor length mismatch: coords=4, tokens=106, mask=106, expected=106
2025-12-03 03:38:49,466 - hybrid.data.streaming_dataset - ERROR - Tensor length mismatch: coords=4, tokens=106, mask=106, expected=106
2025-12-03 03:38:49,476 - hybrid.data.streaming_dataset - ERROR - Tensor length mismatch: coords=4, tokens=68, mask=68, expected=68
2025-12-03 03:38:49,486 - hybrid.data.streaming_dataset - ERROR - Tensor length mismatch: coords=4, tokens=68, mask=68, expected=68
2025-12-03 03:38:49,496 - hybrid.data.streaming_dataset - ERROR - Tensor length mismatch: coords=4, tokens=68, mask=68, expected=68
2025-12-03 03:38:49,509 - hybrid.data.streaming_dataset - ERROR - Tensor length mismatch: coords=4, tokens=68, mask=68, expected=68
2025-12-03 03:38:49,519 - hybrid.data.streaming_dataset - ERROR - Tensor length mismatch: coords=4, tokens=106, mask=106, expected=106
2025-12-03 03:38:49,549 - hybrid.data.streaming_dataset - ERROR - Tensor length mismatch: coords=4, tokens=68, mask=68, expected=68
2025-12-03 03:38:49,559 - hybrid.data.streaming_dataset - ERROR - Tensor length mismatch: coords=4, tokens=68, mask=68, expected=68
2025-12-03 03:38:49,568 - hybrid.data.streaming_dataset - ERROR - Tensor length mismatch: coords=4, tokens=106, mask=106, expected=106
2025-12-03 03:38:49,568 - hybrid.data.streaming_dataset - WARNING - Failed to generate positive sample after maximum attempts
2025-12-03 03:38:51,457 - hybrid.data.streaming_dataset - ERROR - Tensor length mismatch: coords=4, tokens=106, mask=106, expected=106
2025-12-03 03:38:51,464 - hybrid.data.streaming_dataset - ERROR - Tensor length mismatch: coords=4, tokens=106, mask=106, expected=106
2025-12-03 03:38:51,473 - hybrid.data.streaming_dataset - ERROR - Tensor length mismatch: coords=4, tokens=68, mask=68, expected=68
2025-12-03 03:38:51,482 - hybrid.data.streaming_dataset - ERROR - Tensor length mismatch: coords=4, tokens=68, mask=68, expected=68
2025-12-03 03:38:51,488 - hybrid.data.streaming_dataset - ERROR - Tensor length mismatch: coords=4, tokens=68, mask=68, expected=68
2025-12-03 03:38:51,498 - hybrid.data.streaming_dataset - ERROR - Tensor length mismatch: coords=4, tokens=106, mask=106, expected=106
2025-12-03 03:38:51,511 - hybrid.data.streaming_dataset - ERROR - Tensor length mismatch: coords=4, tokens=68, mask=68, expected=68
2025-12-03 03:38:51,518 - hybrid.data.streaming_dataset - ERROR - Tensor length mismatch: coords=4, tokens=106, mask=106, expected=106
2025-12-03 03:38:51,524 - hybrid.data.streaming_dataset - ERROR - Tensor length mismatch: coords=4, tokens=106, mask=106, expected=106
2025-12-03 03:38:51,532 - hybrid.data.streaming_dataset - ERROR - Tensor length mismatch: coords=4, tokens=106, mask=106, expected=106
2025-12-03 03:38:51,532 - hybrid.data.streaming_dataset - WARNING - Failed to generate positive sample after maximum attempts
2025-12-03 03:38:52,792 - hybrid.data.streaming_dataset - ERROR - Tensor length mismatch: coords=4, tokens=106, mask=106, expected=106
2025-12-03 03:38:52,811 - hybrid.data.streaming_dataset - ERROR - Tensor length mismatch: coords=4, tokens=68, mask=68, expected=68
2025-12-03 03:38:52,822 - hybrid.data.streaming_dataset - ERROR - Tensor length mismatch: coords=4, tokens=106, mask=106, expected=106
2025-12-03 03:38:52,831 - hybrid.data.streaming_dataset - ERROR - Tensor length mismatch: coords=4, tokens=68, mask=68, expected=68
2025-12-03 03:38:52,841 - hybrid.data.streaming_dataset - ERROR - Tensor length mismatch: coords=4, tokens=68, mask=68, expected=68
2025-12-03 03:38:52,848 - hybrid.data.streaming_dataset - ERROR - Tensor length mismatch: coords=4, tokens=68, mask=68, expected=68
2025-12-03 03:38:52,861 - hybrid.data.streaming_dataset - ERROR - Tensor length mismatch: coords=4, tokens=106, mask=106, expected=106
2025-12-03 03:38:52,875 - hybrid.data.streaming_dataset - ERROR - Tensor length mismatch: coords=4, tokens=68, mask=68, expected=68
2025-12-03 03:38:52,882 - hybrid.data.streaming_dataset - ERROR - Tensor length mismatch: coords=4, tokens=106, mask=106, expected=106
2025-12-03 03:38:52,889 - hybrid.data.streaming_dataset - ERROR - Tensor length mismatch: coords=4, tokens=106, mask=106, expected=106
2025-12-03 03:38:52,889 - hybrid.data.streaming_dataset - WARNING - Failed to generate positive sample after maximum attempts
2025-12-03 03:38:54,570 - hybrid.data.streaming_dataset - ERROR - Tensor length mismatch: coords=4, tokens=68, mask=68, expected=68
2025-12-03 03:38:54,577 - hybrid.data.streaming_dataset - ERROR - Tensor length mismatch: coords=4, tokens=68, mask=68, expected=68
2025-12-03 03:38:54,590 - hybrid.data.streaming_dataset - ERROR - Tensor length mismatch: coords=4, tokens=68, mask=68, expected=68
2025-12-03 03:38:54,608 - hybrid.data.streaming_dataset - ERROR - Tensor length mismatch: coords=4, tokens=68, mask=68, expected=68
2025-12-03 03:38:54,617 - hybrid.data.streaming_dataset - ERROR - Tensor length mismatch: coords=4, tokens=106, mask=106, expected=106
2025-12-03 03:38:54,628 - hybrid.data.streaming_dataset - ERROR - Tensor length mismatch: coords=4, tokens=106, mask=106, expected=106
2025-12-03 03:38:54,638 - hybrid.data.streaming_dataset - ERROR - Tensor length mismatch: coords=4, tokens=68, mask=68, expected=68
2025-12-03 03:38:54,650 - hybrid.data.streaming_dataset - ERROR - Tensor length mismatch: coords=4, tokens=106, mask=106, expected=106
2025-12-03 03:38:54,659 - hybrid.data.streaming_dataset - ERROR - Tensor length mismatch: coords=4, tokens=106, mask=106, expected=106
2025-12-03 03:38:54,667 - hybrid.data.streaming_dataset - ERROR - Tensor length mismatch: coords=4, tokens=106, mask=106, expected=106
2025-12-03 03:38:54,667 - hybrid.data.streaming_dataset - WARNING - Failed to generate positive sample after maximum attempts
2025-12-03 03:38:54,677 - hybrid.data.streaming_dataset - ERROR - Tensor length mismatch: coords=4, tokens=68, mask=68, expected=68
2025-12-03 03:38:54,687 - hybrid.data.streaming_dataset - ERROR - Tensor length mismatch: coords=4, tokens=106, mask=106, expected=106
2025-12-03 03:38:54,696 - hybrid.data.streaming_dataset - ERROR - Tensor length mismatch: coords=4, tokens=68, mask=68, expected=68
2025-12-03 03:38:54,709 - hybrid.data.streaming_dataset - ERROR - Tensor length mismatch: coords=4, tokens=68, mask=68, expected=68
2025-12-03 03:38:54,719 - hybrid.data.streaming_dataset - ERROR - Tensor length mismatch: coords=4, tokens=68, mask=68, expected=68
2025-12-03 03:38:54,732 - hybrid.data.streaming_dataset - ERROR - Tensor length mismatch: coords=4, tokens=68, mask=68, expected=68
2025-12-03 03:38:54,741 - hybrid.data.streaming_dataset - ERROR - Tensor length mismatch: coords=4, tokens=106, mask=106, expected=106
2025-12-03 03:38:54,750 - hybrid.data.streaming_dataset - ERROR - Tensor length mismatch: coords=4, tokens=106, mask=106, expected=106
2025-12-03 03:38:54,759 - hybrid.data.streaming_dataset - ERROR - Tensor length mismatch: coords=4, tokens=68, mask=68, expected=68
2025-12-03 03:38:54,766 - hybrid.data.streaming_dataset - ERROR - Tensor length mismatch: coords=4, tokens=68, mask=68, expected=68
2025-12-03 03:38:54,767 - hybrid.data.streaming_dataset - WARNING - Failed to generate positive sample after maximum attempts
2025-12-03 03:38:55,464 - hybrid.data.streaming_dataset - ERROR - Tensor length mismatch: coords=4, tokens=106, mask=106, expected=106
2025-12-03 03:38:55,473 - hybrid.data.streaming_dataset - ERROR - Tensor length mismatch: coords=4, tokens=68, mask=68, expected=68
2025-12-03 03:38:55,483 - hybrid.data.streaming_dataset - ERROR - Tensor length mismatch: coords=4, tokens=106, mask=106, expected=106
2025-12-03 03:38:55,494 - hybrid.data.streaming_dataset - ERROR - Tensor length mismatch: coords=4, tokens=106, mask=106, expected=106
2025-12-03 03:38:55,507 - hybrid.data.streaming_dataset - ERROR - Tensor length mismatch: coords=4, tokens=68, mask=68, expected=68
2025-12-03 03:38:55,514 - hybrid.data.streaming_dataset - ERROR - Tensor length mismatch: coords=4, tokens=106, mask=106, expected=106
2025-12-03 03:38:55,522 - hybrid.data.streaming_dataset - ERROR - Tensor length mismatch: coords=4, tokens=106, mask=106, expected=106
2025-12-03 03:38:55,532 - hybrid.data.streaming_dataset - ERROR - Tensor length mismatch: coords=4, tokens=68, mask=68, expected=68
2025-12-03 03:38:55,540 - hybrid.data.streaming_dataset - ERROR - Tensor length mismatch: coords=4, tokens=106, mask=106, expected=106
2025-12-03 03:38:55,548 - hybrid.data.streaming_dataset - ERROR - Tensor length mismatch: coords=4, tokens=106, mask=106, expected=106
2025-12-03 03:38:55,548 - hybrid.data.streaming_dataset - WARNING - Failed to generate positive sample after maximum attempts
2025-12-03 03:38:56,773 - hybrid.data.streaming_dataset - ERROR - Tensor length mismatch: coords=4, tokens=68, mask=68, expected=68
2025-12-03 03:38:56,782 - hybrid.data.streaming_dataset - ERROR - Tensor length mismatch: coords=4, tokens=68, mask=68, expected=68
2025-12-03 03:38:56,793 - hybrid.data.streaming_dataset - ERROR - Tensor length mismatch: coords=4, tokens=106, mask=106, expected=106
2025-12-03 03:38:56,799 - hybrid.data.streaming_dataset - ERROR - Tensor length mismatch: coords=4, tokens=106, mask=106, expected=106
2025-12-03 03:38:56,813 - hybrid.data.streaming_dataset - ERROR - Tensor length mismatch: coords=4, tokens=106, mask=106, expected=106
2025-12-03 03:38:56,824 - hybrid.data.streaming_dataset - ERROR - Tensor length mismatch: coords=4, tokens=106, mask=106, expected=106
2025-12-03 03:38:56,834 - hybrid.data.streaming_dataset - ERROR - Tensor length mismatch: coords=4, tokens=106, mask=106, expected=106
2025-12-03 03:38:56,845 - hybrid.data.streaming_dataset - ERROR - Tensor length mismatch: coords=4, tokens=68, mask=68, expected=68
2025-12-03 03:38:56,851 - hybrid.data.streaming_dataset - ERROR - Tensor length mismatch: coords=4, tokens=106, mask=106, expected=106
2025-12-03 03:38:56,858 - hybrid.data.streaming_dataset - ERROR - Tensor length mismatch: coords=4, tokens=106, mask=106, expected=106
2025-12-03 03:38:56,858 - hybrid.data.streaming_dataset - WARNING - Failed to generate positive sample after maximum attempts
2025-12-03 03:38:57,190 - hybrid.data.streaming_dataset - ERROR - Tensor length mismatch: coords=4, tokens=106, mask=106, expected=106
2025-12-03 03:38:57,197 - hybrid.data.streaming_dataset - ERROR - Tensor length mismatch: coords=4, tokens=68, mask=68, expected=68
2025-12-03 03:38:57,204 - hybrid.data.streaming_dataset - ERROR - Tensor length mismatch: coords=4, tokens=68, mask=68, expected=68
2025-12-03 03:38:57,210 - hybrid.data.streaming_dataset - ERROR - Tensor length mismatch: coords=4, tokens=106, mask=106, expected=106
2025-12-03 03:38:57,216 - hybrid.data.streaming_dataset - ERROR - Tensor length mismatch: coords=4, tokens=106, mask=106, expected=106
2025-12-03 03:38:57,222 - hybrid.data.streaming_dataset - ERROR - Tensor length mismatch: coords=4, tokens=68, mask=68, expected=68
2025-12-03 03:38:57,229 - hybrid.data.streaming_dataset - ERROR - Tensor length mismatch: coords=4, tokens=68, mask=68, expected=68
2025-12-03 03:38:57,235 - hybrid.data.streaming_dataset - ERROR - Tensor length mismatch: coords=4, tokens=68, mask=68, expected=68
2025-12-03 03:38:57,241 - hybrid.data.streaming_dataset - ERROR - Tensor length mismatch: coords=4, tokens=68, mask=68, expected=68
2025-12-03 03:38:57,247 - hybrid.data.streaming_dataset - ERROR - Tensor length mismatch: coords=4, tokens=68, mask=68, expected=68
2025-12-03 03:38:57,247 - hybrid.data.streaming_dataset - WARNING - Failed to generate positive sample after maximum attempts
2025-12-03 03:38:57,254 - hybrid.data.streaming_dataset - ERROR - Tensor length mismatch: coords=4, tokens=68, mask=68, expected=68
2025-12-03 03:38:57,260 - hybrid.data.streaming_dataset - ERROR - Tensor length mismatch: coords=4, tokens=106, mask=106, expected=106
2025-12-03 03:38:57,265 - hybrid.data.streaming_dataset - ERROR - Tensor length mismatch: coords=4, tokens=106, mask=106, expected=106
2025-12-03 03:38:57,270 - hybrid.data.streaming_dataset - ERROR - Tensor length mismatch: coords=4, tokens=106, mask=106, expected=106
2025-12-03 03:38:57,276 - hybrid.data.streaming_dataset - ERROR - Tensor length mismatch: coords=4, tokens=106, mask=106, expected=106
2025-12-03 03:38:57,281 - hybrid.data.streaming_dataset - ERROR - Tensor length mismatch: coords=4, tokens=106, mask=106, expected=106
2025-12-03 03:38:57,287 - hybrid.data.streaming_dataset - ERROR - Tensor length mismatch: coords=4, tokens=106, mask=106, expected=106
2025-12-03 03:38:57,293 - hybrid.data.streaming_dataset - ERROR - Tensor length mismatch: coords=4, tokens=106, mask=106, expected=106
2025-12-03 03:38:57,299 - hybrid.data.streaming_dataset - ERROR - Tensor length mismatch: coords=4, tokens=106, mask=106, expected=106
2025-12-03 03:38:57,304 - hybrid.data.streaming_dataset - ERROR - Tensor length mismatch: coords=4, tokens=106, mask=106, expected=106
2025-12-03 03:38:57,304 - hybrid.data.streaming_dataset - WARNING - Failed to generate positive sample after maximum attempts
2025-12-03 03:38:58,429 - hybrid.data.streaming_dataset - ERROR - Tensor length mismatch: coords=4, tokens=68, mask=68, expected=68
2025-12-03 03:38:58,437 - hybrid.data.streaming_dataset - ERROR - Tensor length mismatch: coords=4, tokens=68, mask=68, expected=68
2025-12-03 03:38:58,443 - hybrid.data.streaming_dataset - ERROR - Tensor length mismatch: coords=4, tokens=106, mask=106, expected=106
2025-12-03 03:38:58,449 - hybrid.data.streaming_dataset - ERROR - Tensor length mismatch: coords=4, tokens=106, mask=106, expected=106
2025-12-03 03:38:58,460 - hybrid.data.streaming_dataset - ERROR - Tensor length mismatch: coords=4, tokens=68, mask=68, expected=68
2025-12-03 03:38:58,472 - hybrid.data.streaming_dataset - ERROR - Tensor length mismatch: coords=4, tokens=106, mask=106, expected=106
2025-12-03 03:38:58,493 - hybrid.data.streaming_dataset - ERROR - Tensor length mismatch: coords=4, tokens=68, mask=68, expected=68
2025-12-03 03:38:58,506 - hybrid.data.streaming_dataset - ERROR - Tensor length mismatch: coords=4, tokens=68, mask=68, expected=68
2025-12-03 03:38:58,518 - hybrid.data.streaming_dataset - ERROR - Tensor length mismatch: coords=4, tokens=106, mask=106, expected=106
2025-12-03 03:38:58,527 - hybrid.data.streaming_dataset - ERROR - Tensor length mismatch: coords=4, tokens=106, mask=106, expected=106
2025-12-03 03:38:58,528 - hybrid.data.streaming_dataset - WARNING - Failed to generate positive sample after maximum attempts
2025-12-03 03:38:58,782 - hybrid.data.streaming_dataset - ERROR - Tensor length mismatch: coords=4, tokens=68, mask=68, expected=68
2025-12-03 03:38:58,789 - hybrid.data.streaming_dataset - ERROR - Tensor length mismatch: coords=4, tokens=68, mask=68, expected=68
2025-12-03 03:38:58,797 - hybrid.data.streaming_dataset - ERROR - Tensor length mismatch: coords=4, tokens=68, mask=68, expected=68
2025-12-03 03:38:58,805 - hybrid.data.streaming_dataset - ERROR - Tensor length mismatch: coords=4, tokens=68, mask=68, expected=68
2025-12-03 03:38:58,812 - hybrid.data.streaming_dataset - ERROR - Tensor length mismatch: coords=4, tokens=106, mask=106, expected=106
2025-12-03 03:38:58,819 - hybrid.data.streaming_dataset - ERROR - Tensor length mismatch: coords=4, tokens=106, mask=106, expected=106
2025-12-03 03:38:58,827 - hybrid.data.streaming_dataset - ERROR - Tensor length mismatch: coords=4, tokens=106, mask=106, expected=106
2025-12-03 03:38:58,836 - hybrid.data.streaming_dataset - ERROR - Tensor length mismatch: coords=4, tokens=68, mask=68, expected=68
2025-12-03 03:38:58,848 - hybrid.data.streaming_dataset - ERROR - Tensor length mismatch: coords=4, tokens=68, mask=68, expected=68
2025-12-03 03:38:58,855 - hybrid.data.streaming_dataset - ERROR - Tensor length mismatch: coords=4, tokens=106, mask=106, expected=106
2025-12-03 03:38:58,855 - hybrid.data.streaming_dataset - WARNING - Failed to generate positive sample after maximum attempts
2025-12-03 03:38:58,862 - hybrid.data.streaming_dataset - ERROR - Tensor length mismatch: coords=4, tokens=68, mask=68, expected=68
2025-12-03 03:38:58,870 - hybrid.data.streaming_dataset - ERROR - Tensor length mismatch: coords=4, tokens=106, mask=106, expected=106
2025-12-03 03:38:58,876 - hybrid.data.streaming_dataset - ERROR - Tensor length mismatch: coords=4, tokens=68, mask=68, expected=68
2025-12-03 03:38:58,884 - hybrid.data.streaming_dataset - ERROR - Tensor length mismatch: coords=4, tokens=106, mask=106, expected=106
2025-12-03 03:38:58,890 - hybrid.data.streaming_dataset - ERROR - Tensor length mismatch: coords=4, tokens=68, mask=68, expected=68
2025-12-03 03:38:58,896 - hybrid.data.streaming_dataset - ERROR - Tensor length mismatch: coords=4, tokens=68, mask=68, expected=68
2025-12-03 03:38:58,903 - hybrid.data.streaming_dataset - ERROR - Tensor length mismatch: coords=4, tokens=106, mask=106, expected=106
2025-12-03 03:38:58,909 - hybrid.data.streaming_dataset - ERROR - Tensor length mismatch: coords=4, tokens=106, mask=106, expected=106
2025-12-03 03:38:58,916 - hybrid.data.streaming_dataset - ERROR - Tensor length mismatch: coords=4, tokens=68, mask=68, expected=68
2025-12-03 03:38:58,923 - hybrid.data.streaming_dataset - ERROR - Tensor length mismatch: coords=4, tokens=106, mask=106, expected=106
2025-12-03 03:38:58,923 - hybrid.data.streaming_dataset - WARNING - Failed to generate positive sample after maximum attempts
2025-12-03 03:38:59,009 - hybrid.data.streaming_dataset - ERROR - Tensor length mismatch: coords=4, tokens=106, mask=106, expected=106
2025-12-03 03:38:59,016 - hybrid.data.streaming_dataset - ERROR - Tensor length mismatch: coords=4, tokens=106, mask=106, expected=106
2025-12-03 03:38:59,021 - hybrid.data.streaming_dataset - ERROR - Tensor length mismatch: coords=4, tokens=106, mask=106, expected=106
2025-12-03 03:38:59,027 - hybrid.data.streaming_dataset - ERROR - Tensor length mismatch: coords=4, tokens=106, mask=106, expected=106
2025-12-03 03:38:59,033 - hybrid.data.streaming_dataset - ERROR - Tensor length mismatch: coords=4, tokens=68, mask=68, expected=68
2025-12-03 03:38:59,039 - hybrid.data.streaming_dataset - ERROR - Tensor length mismatch: coords=4, tokens=68, mask=68, expected=68
2025-12-03 03:38:59,046 - hybrid.data.streaming_dataset - ERROR - Tensor length mismatch: coords=4, tokens=68, mask=68, expected=68
2025-12-03 03:38:59,052 - hybrid.data.streaming_dataset - ERROR - Tensor length mismatch: coords=4, tokens=106, mask=106, expected=106
2025-12-03 03:38:59,059 - hybrid.data.streaming_dataset - ERROR - Tensor length mismatch: coords=4, tokens=68, mask=68, expected=68
2025-12-03 03:38:59,066 - hybrid.data.streaming_dataset - ERROR - Tensor length mismatch: coords=4, tokens=106, mask=106, expected=106
2025-12-03 03:38:59,066 - hybrid.data.streaming_dataset - WARNING - Failed to generate positive sample after maximum attempts
2025-12-03 03:38:59,072 - hybrid.data.streaming_dataset - ERROR - Tensor length mismatch: coords=4, tokens=68, mask=68, expected=68
2025-12-03 03:38:59,081 - hybrid.data.streaming_dataset - ERROR - Tensor length mismatch: coords=4, tokens=68, mask=68, expected=68
2025-12-03 03:38:59,091 - hybrid.data.streaming_dataset - ERROR - Tensor length mismatch: coords=4, tokens=68, mask=68, expected=68
2025-12-03 03:38:59,099 - hybrid.data.streaming_dataset - ERROR - Tensor length mismatch: coords=4, tokens=68, mask=68, expected=68
2025-12-03 03:38:59,111 - hybrid.data.streaming_dataset - ERROR - Tensor length mismatch: coords=4, tokens=68, mask=68, expected=68
2025-12-03 03:38:59,120 - hybrid.data.streaming_dataset - ERROR - Tensor length mismatch: coords=4, tokens=68, mask=68, expected=68
2025-12-03 03:38:59,126 - hybrid.data.streaming_dataset - ERROR - Tensor length mismatch: coords=4, tokens=106, mask=106, expected=106
2025-12-03 03:38:59,132 - hybrid.data.streaming_dataset - ERROR - Tensor length mismatch: coords=4, tokens=106, mask=106, expected=106
2025-12-03 03:38:59,138 - hybrid.data.streaming_dataset - ERROR - Tensor length mismatch: coords=4, tokens=68, mask=68, expected=68
2025-12-03 03:38:59,144 - hybrid.data.streaming_dataset - ERROR - Tensor length mismatch: coords=4, tokens=106, mask=106, expected=106
2025-12-03 03:38:59,144 - hybrid.data.streaming_dataset - WARNING - Failed to generate positive sample after maximum attempts
2025-12-03 03:38:59,347 - hybrid.data.streaming_dataset - ERROR - Tensor length mismatch: coords=4, tokens=106, mask=106, expected=106
2025-12-03 03:38:59,355 - hybrid.data.streaming_dataset - ERROR - Tensor length mismatch: coords=4, tokens=68, mask=68, expected=68
2025-12-03 03:38:59,362 - hybrid.data.streaming_dataset - ERROR - Tensor length mismatch: coords=4, tokens=106, mask=106, expected=106
2025-12-03 03:38:59,372 - hybrid.data.streaming_dataset - ERROR - Tensor length mismatch: coords=4, tokens=106, mask=106, expected=106
2025-12-03 03:38:59,378 - hybrid.data.streaming_dataset - ERROR - Tensor length mismatch: coords=4, tokens=68, mask=68, expected=68
2025-12-03 03:38:59,386 - hybrid.data.streaming_dataset - ERROR - Tensor length mismatch: coords=4, tokens=106, mask=106, expected=106
2025-12-03 03:38:59,393 - hybrid.data.streaming_dataset - ERROR - Tensor length mismatch: coords=4, tokens=106, mask=106, expected=106
2025-12-03 03:38:59,399 - hybrid.data.streaming_dataset - ERROR - Tensor length mismatch: coords=4, tokens=106, mask=106, expected=106
2025-12-03 03:38:59,408 - hybrid.data.streaming_dataset - ERROR - Tensor length mismatch: coords=4, tokens=106, mask=106, expected=106
2025-12-03 03:38:59,415 - hybrid.data.streaming_dataset - ERROR - Tensor length mismatch: coords=4, tokens=106, mask=106, expected=106
2025-12-03 03:38:59,415 - hybrid.data.streaming_dataset - WARNING - Failed to generate positive sample after maximum attempts
2025-12-03 03:38:59,421 - hybrid.data.streaming_dataset - ERROR - Tensor length mismatch: coords=4, tokens=106, mask=106, expected=106
2025-12-03 03:38:59,430 - hybrid.data.streaming_dataset - ERROR - Tensor length mismatch: coords=4, tokens=68, mask=68, expected=68
2025-12-03 03:38:59,438 - hybrid.data.streaming_dataset - ERROR - Tensor length mismatch: coords=4, tokens=106, mask=106, expected=106
2025-12-03 03:38:59,444 - hybrid.data.streaming_dataset - ERROR - Tensor length mismatch: coords=4, tokens=106, mask=106, expected=106
2025-12-03 03:38:59,450 - hybrid.data.streaming_dataset - ERROR - Tensor length mismatch: coords=4, tokens=106, mask=106, expected=106
2025-12-03 03:38:59,459 - hybrid.data.streaming_dataset - ERROR - Tensor length mismatch: coords=4, tokens=106, mask=106, expected=106
2025-12-03 03:38:59,466 - hybrid.data.streaming_dataset - ERROR - Tensor length mismatch: coords=4, tokens=68, mask=68, expected=68
2025-12-03 03:38:59,473 - hybrid.data.streaming_dataset - ERROR - Tensor length mismatch: coords=4, tokens=68, mask=68, expected=68
2025-12-03 03:38:59,480 - hybrid.data.streaming_dataset - ERROR - Tensor length mismatch: coords=4, tokens=68, mask=68, expected=68
2025-12-03 03:38:59,486 - hybrid.data.streaming_dataset - ERROR - Tensor length mismatch: coords=4, tokens=106, mask=106, expected=106
2025-12-03 03:38:59,486 - hybrid.data.streaming_dataset - WARNING - Failed to generate positive sample after maximum attempts
2025-12-03 03:38:59,493 - hybrid.data.streaming_dataset - ERROR - Tensor length mismatch: coords=4, tokens=68, mask=68, expected=68
2025-12-03 03:38:59,501 - hybrid.data.streaming_dataset - ERROR - Tensor length mismatch: coords=4, tokens=106, mask=106, expected=106
2025-12-03 03:38:59,507 - hybrid.data.streaming_dataset - ERROR - Tensor length mismatch: coords=4, tokens=68, mask=68, expected=68
2025-12-03 03:38:59,514 - hybrid.data.streaming_dataset - ERROR - Tensor length mismatch: coords=4, tokens=68, mask=68, expected=68
2025-12-03 03:38:59,520 - hybrid.data.streaming_dataset - ERROR - Tensor length mismatch: coords=4, tokens=106, mask=106, expected=106
2025-12-03 03:38:59,527 - hybrid.data.streaming_dataset - ERROR - Tensor length mismatch: coords=4, tokens=68, mask=68, expected=68
2025-12-03 03:38:59,535 - hybrid.data.streaming_dataset - ERROR - Tensor length mismatch: coords=4, tokens=68, mask=68, expected=68
2025-12-03 03:38:59,542 - hybrid.data.streaming_dataset - ERROR - Tensor length mismatch: coords=4, tokens=68, mask=68, expected=68
2025-12-03 03:38:59,550 - hybrid.data.streaming_dataset - ERROR - Tensor length mismatch: coords=4, tokens=106, mask=106, expected=106
2025-12-03 03:38:59,558 - hybrid.data.streaming_dataset - ERROR - Tensor length mismatch: coords=4, tokens=106, mask=106, expected=106
2025-12-03 03:38:59,558 - hybrid.data.streaming_dataset - WARNING - Failed to generate positive sample after maximum attempts
2025-12-03 03:38:59,735 - hybrid.data.streaming_dataset - ERROR - Tensor length mismatch: coords=4, tokens=68, mask=68, expected=68
2025-12-03 03:38:59,742 - hybrid.data.streaming_dataset - ERROR - Tensor length mismatch: coords=4, tokens=106, mask=106, expected=106
2025-12-03 03:38:59,749 - hybrid.data.streaming_dataset - ERROR - Tensor length mismatch: coords=4, tokens=68, mask=68, expected=68
2025-12-03 03:38:59,754 - hybrid.data.streaming_dataset - ERROR - Tensor length mismatch: coords=4, tokens=106, mask=106, expected=106
2025-12-03 03:38:59,760 - hybrid.data.streaming_dataset - ERROR - Tensor length mismatch: coords=4, tokens=106, mask=106, expected=106
2025-12-03 03:38:59,766 - hybrid.data.streaming_dataset - ERROR - Tensor length mismatch: coords=4, tokens=68, mask=68, expected=68
2025-12-03 03:38:59,772 - hybrid.data.streaming_dataset - ERROR - Tensor length mismatch: coords=4, tokens=68, mask=68, expected=68
2025-12-03 03:38:59,778 - hybrid.data.streaming_dataset - ERROR - Tensor length mismatch: coords=4, tokens=106, mask=106, expected=106
2025-12-03 03:38:59,786 - hybrid.data.streaming_dataset - ERROR - Tensor length mismatch: coords=4, tokens=68, mask=68, expected=68
2025-12-03 03:38:59,793 - hybrid.data.streaming_dataset - ERROR - Tensor length mismatch: coords=4, tokens=68, mask=68, expected=68
2025-12-03 03:38:59,793 - hybrid.data.streaming_dataset - WARNING - Failed to generate positive sample after maximum attempts
2025-12-03 03:39:00,800 - hybrid.data.streaming_dataset - ERROR - Tensor length mismatch: coords=4, tokens=106, mask=106, expected=106
2025-12-03 03:39:00,806 - hybrid.data.streaming_dataset - ERROR - Tensor length mismatch: coords=4, tokens=68, mask=68, expected=68
2025-12-03 03:39:00,812 - hybrid.data.streaming_dataset - ERROR - Tensor length mismatch: coords=4, tokens=106, mask=106, expected=106
2025-12-03 03:39:00,818 - hybrid.data.streaming_dataset - ERROR - Tensor length mismatch: coords=4, tokens=106, mask=106, expected=106
2025-12-03 03:39:00,824 - hybrid.data.streaming_dataset - ERROR - Tensor length mismatch: coords=4, tokens=68, mask=68, expected=68
2025-12-03 03:39:00,831 - hybrid.data.streaming_dataset - ERROR - Tensor length mismatch: coords=4, tokens=106, mask=106, expected=106
2025-12-03 03:39:00,836 - hybrid.data.streaming_dataset - ERROR - Tensor length mismatch: coords=4, tokens=106, mask=106, expected=106
2025-12-03 03:39:00,842 - hybrid.data.streaming_dataset - ERROR - Tensor length mismatch: coords=4, tokens=106, mask=106, expected=106
2025-12-03 03:39:00,848 - hybrid.data.streaming_dataset - ERROR - Tensor length mismatch: coords=4, tokens=68, mask=68, expected=68
2025-12-03 03:39:00,855 - hybrid.data.streaming_dataset - ERROR - Tensor length mismatch: coords=4, tokens=68, mask=68, expected=68
2025-12-03 03:39:00,855 - hybrid.data.streaming_dataset - WARNING - Failed to generate positive sample after maximum attempts
2025-12-03 03:39:00,861 - hybrid.data.streaming_dataset - ERROR - Tensor length mismatch: coords=4, tokens=68, mask=68, expected=68
2025-12-03 03:39:00,866 - hybrid.data.streaming_dataset - ERROR - Tensor length mismatch: coords=4, tokens=106, mask=106, expected=106
2025-12-03 03:39:00,872 - hybrid.data.streaming_dataset - ERROR - Tensor length mismatch: coords=4, tokens=68, mask=68, expected=68
2025-12-03 03:39:00,880 - hybrid.data.streaming_dataset - ERROR - Tensor length mismatch: coords=4, tokens=68, mask=68, expected=68
2025-12-03 03:39:00,887 - hybrid.data.streaming_dataset - ERROR - Tensor length mismatch: coords=4, tokens=68, mask=68, expected=68
2025-12-03 03:39:00,892 - hybrid.data.streaming_dataset - ERROR - Tensor length mismatch: coords=4, tokens=106, mask=106, expected=106
2025-12-03 03:39:00,898 - hybrid.data.streaming_dataset - ERROR - Tensor length mismatch: coords=4, tokens=106, mask=106, expected=106
2025-12-03 03:39:00,904 - hybrid.data.streaming_dataset - ERROR - Tensor length mismatch: coords=4, tokens=68, mask=68, expected=68
2025-12-03 03:39:00,909 - hybrid.data.streaming_dataset - ERROR - Tensor length mismatch: coords=4, tokens=68, mask=68, expected=68
2025-12-03 03:39:00,915 - hybrid.data.streaming_dataset - ERROR - Tensor length mismatch: coords=4, tokens=106, mask=106, expected=106
2025-12-03 03:39:00,915 - hybrid.data.streaming_dataset - WARNING - Failed to generate positive sample after maximum attempts
2025-12-03 03:39:01,660 - hybrid.data.streaming_dataset - ERROR - Tensor length mismatch: coords=4, tokens=106, mask=106, expected=106
2025-12-03 03:39:01,667 - hybrid.data.streaming_dataset - ERROR - Tensor length mismatch: coords=4, tokens=68, mask=68, expected=68
2025-12-03 03:39:01,673 - hybrid.data.streaming_dataset - ERROR - Tensor length mismatch: coords=4, tokens=68, mask=68, expected=68
2025-12-03 03:39:01,679 - hybrid.data.streaming_dataset - ERROR - Tensor length mismatch: coords=4, tokens=106, mask=106, expected=106
2025-12-03 03:39:01,685 - hybrid.data.streaming_dataset - ERROR - Tensor length mismatch: coords=4, tokens=106, mask=106, expected=106
2025-12-03 03:39:01,691 - hybrid.data.streaming_dataset - ERROR - Tensor length mismatch: coords=4, tokens=106, mask=106, expected=106
2025-12-03 03:39:01,696 - hybrid.data.streaming_dataset - ERROR - Tensor length mismatch: coords=4, tokens=106, mask=106, expected=106
2025-12-03 03:39:01,702 - hybrid.data.streaming_dataset - ERROR - Tensor length mismatch: coords=4, tokens=106, mask=106, expected=106
2025-12-03 03:39:01,708 - hybrid.data.streaming_dataset - ERROR - Tensor length mismatch: coords=4, tokens=68, mask=68, expected=68
2025-12-03 03:39:01,714 - hybrid.data.streaming_dataset - ERROR - Tensor length mismatch: coords=4, tokens=106, mask=106, expected=106
2025-12-03 03:39:01,714 - hybrid.data.streaming_dataset - WARNING - Failed to generate positive sample after maximum attempts
2025-12-03 03:39:01,721 - hybrid.data.streaming_dataset - ERROR - Tensor length mismatch: coords=4, tokens=68, mask=68, expected=68
2025-12-03 03:39:01,726 - hybrid.data.streaming_dataset - ERROR - Tensor length mismatch: coords=4, tokens=106, mask=106, expected=106
2025-12-03 03:39:01,733 - hybrid.data.streaming_dataset - ERROR - Tensor length mismatch: coords=4, tokens=68, mask=68, expected=68
2025-12-03 03:39:01,739 - hybrid.data.streaming_dataset - ERROR - Tensor length mismatch: coords=4, tokens=106, mask=106, expected=106
2025-12-03 03:39:01,745 - hybrid.data.streaming_dataset - ERROR - Tensor length mismatch: coords=4, tokens=106, mask=106, expected=106
2025-12-03 03:39:01,751 - hybrid.data.streaming_dataset - ERROR - Tensor length mismatch: coords=4, tokens=106, mask=106, expected=106
2025-12-03 03:39:01,758 - hybrid.data.streaming_dataset - ERROR - Tensor length mismatch: coords=4, tokens=68, mask=68, expected=68
2025-12-03 03:39:01,767 - hybrid.data.streaming_dataset - ERROR - Tensor length mismatch: coords=4, tokens=68, mask=68, expected=68
2025-12-03 03:39:01,773 - hybrid.data.streaming_dataset - ERROR - Tensor length mismatch: coords=4, tokens=106, mask=106, expected=106
2025-12-03 03:39:01,779 - hybrid.data.streaming_dataset - ERROR - Tensor length mismatch: coords=4, tokens=106, mask=106, expected=106
2025-12-03 03:39:01,779 - hybrid.data.streaming_dataset - WARNING - Failed to generate positive sample after maximum attempts
2025-12-03 03:39:03,275 - hybrid.data.streaming_dataset - INFO - Streaming Progress: Samples: 20, Rate: 0.66/s, Elapsed: 30.5s | Top ops: sample_iteration: 88.2ms, pdb_parsing: 10.4ms, negative_sample_generation: 87.4ms
2025-12-03 03:39:03,645 - hybrid.data.streaming_dataset - ERROR - Tensor length mismatch: coords=4, tokens=106, mask=106, expected=106
2025-12-03 03:39:03,651 - hybrid.data.streaming_dataset - ERROR - Tensor length mismatch: coords=4, tokens=106, mask=106, expected=106
2025-12-03 03:39:03,657 - hybrid.data.streaming_dataset - ERROR - Tensor length mismatch: coords=4, tokens=68, mask=68, expected=68
2025-12-03 03:39:03,663 - hybrid.data.streaming_dataset - ERROR - Tensor length mismatch: coords=4, tokens=68, mask=68, expected=68
2025-12-03 03:39:03,669 - hybrid.data.streaming_dataset - ERROR - Tensor length mismatch: coords=4, tokens=106, mask=106, expected=106
2025-12-03 03:39:03,677 - hybrid.data.streaming_dataset - ERROR - Tensor length mismatch: coords=4, tokens=68, mask=68, expected=68
2025-12-03 03:39:03,684 - hybrid.data.streaming_dataset - ERROR - Tensor length mismatch: coords=4, tokens=106, mask=106, expected=106
2025-12-03 03:39:03,690 - hybrid.data.streaming_dataset - ERROR - Tensor length mismatch: coords=4, tokens=106, mask=106, expected=106
2025-12-03 03:39:03,697 - hybrid.data.streaming_dataset - ERROR - Tensor length mismatch: coords=4, tokens=68, mask=68, expected=68
2025-12-03 03:39:03,702 - hybrid.data.streaming_dataset - ERROR - Tensor length mismatch: coords=4, tokens=106, mask=106, expected=106
2025-12-03 03:39:03,702 - hybrid.data.streaming_dataset - WARNING - Failed to generate positive sample after maximum attempts
2025-12-03 03:39:03,708 - hybrid.data.streaming_dataset - ERROR - Tensor length mismatch: coords=4, tokens=106, mask=106, expected=106
2025-12-03 03:39:03,716 - hybrid.data.streaming_dataset - ERROR - Tensor length mismatch: coords=4, tokens=106, mask=106, expected=106
2025-12-03 03:39:03,722 - hybrid.data.streaming_dataset - ERROR - Tensor length mismatch: coords=4, tokens=68, mask=68, expected=68
2025-12-03 03:39:03,729 - hybrid.data.streaming_dataset - ERROR - Tensor length mismatch: coords=4, tokens=68, mask=68, expected=68
2025-12-03 03:39:03,735 - hybrid.data.streaming_dataset - ERROR - Tensor length mismatch: coords=4, tokens=68, mask=68, expected=68
2025-12-03 03:39:03,741 - hybrid.data.streaming_dataset - ERROR - Tensor length mismatch: coords=4, tokens=106, mask=106, expected=106
2025-12-03 03:39:03,747 - hybrid.data.streaming_dataset - ERROR - Tensor length mismatch: coords=4, tokens=106, mask=106, expected=106
2025-12-03 03:39:03,754 - hybrid.data.streaming_dataset - ERROR - Tensor length mismatch: coords=4, tokens=106, mask=106, expected=106
2025-12-03 03:39:03,760 - hybrid.data.streaming_dataset - ERROR - Tensor length mismatch: coords=4, tokens=106, mask=106, expected=106
2025-12-03 03:39:03,766 - hybrid.data.streaming_dataset - ERROR - Tensor length mismatch: coords=4, tokens=68, mask=68, expected=68
2025-12-03 03:39:03,766 - hybrid.data.streaming_dataset - WARNING - Failed to generate positive sample after maximum attempts
2025-12-03 03:39:05,650 - hybrid.data.streaming_dataset - ERROR - Tensor length mismatch: coords=4, tokens=68, mask=68, expected=68
2025-12-03 03:39:05,661 - hybrid.data.streaming_dataset - ERROR - Tensor length mismatch: coords=4, tokens=68, mask=68, expected=68
2025-12-03 03:39:05,670 - hybrid.data.streaming_dataset - ERROR - Tensor length mismatch: coords=4, tokens=106, mask=106, expected=106
2025-12-03 03:39:05,679 - hybrid.data.streaming_dataset - ERROR - Tensor length mismatch: coords=4, tokens=106, mask=106, expected=106
2025-12-03 03:39:05,698 - hybrid.data.streaming_dataset - ERROR - Tensor length mismatch: coords=4, tokens=68, mask=68, expected=68
2025-12-03 03:39:05,715 - hybrid.data.streaming_dataset - ERROR - Tensor length mismatch: coords=4, tokens=106, mask=106, expected=106
2025-12-03 03:39:05,771 - hybrid.data.streaming_dataset - ERROR - Tensor length mismatch: coords=4, tokens=68, mask=68, expected=68
2025-12-03 03:39:05,782 - hybrid.data.streaming_dataset - ERROR - Tensor length mismatch: coords=4, tokens=106, mask=106, expected=106
2025-12-03 03:39:05,820 - hybrid.data.streaming_dataset - ERROR - Tensor length mismatch: coords=4, tokens=106, mask=106, expected=106
2025-12-03 03:39:05,831 - hybrid.data.streaming_dataset - ERROR - Tensor length mismatch: coords=4, tokens=68, mask=68, expected=68
2025-12-03 03:39:05,831 - hybrid.data.streaming_dataset - WARNING - Failed to generate positive sample after maximum attempts
2025-12-03 03:39:06,679 - hybrid.data.streaming_dataset - ERROR - Tensor length mismatch: coords=4, tokens=68, mask=68, expected=68
2025-12-03 03:39:06,759 - hybrid.data.streaming_dataset - ERROR - Tensor length mismatch: coords=4, tokens=68, mask=68, expected=68
2025-12-03 03:39:06,768 - hybrid.data.streaming_dataset - ERROR - Tensor length mismatch: coords=4, tokens=106, mask=106, expected=106
2025-12-03 03:39:06,779 - hybrid.data.streaming_dataset - ERROR - Tensor length mismatch: coords=4, tokens=68, mask=68, expected=68
2025-12-03 03:39:06,790 - hybrid.data.streaming_dataset - ERROR - Tensor length mismatch: coords=4, tokens=106, mask=106, expected=106
2025-12-03 03:39:06,807 - hybrid.data.streaming_dataset - ERROR - Tensor length mismatch: coords=4, tokens=68, mask=68, expected=68
2025-12-03 03:39:06,815 - hybrid.data.streaming_dataset - ERROR - Tensor length mismatch: coords=4, tokens=106, mask=106, expected=106
2025-12-03 03:39:06,851 - hybrid.data.streaming_dataset - ERROR - Tensor length mismatch: coords=4, tokens=68, mask=68, expected=68
2025-12-03 03:39:06,905 - hybrid.data.streaming_dataset - ERROR - Tensor length mismatch: coords=4, tokens=106, mask=106, expected=106
2025-12-03 03:39:06,958 - hybrid.data.streaming_dataset - ERROR - Tensor length mismatch: coords=4, tokens=106, mask=106, expected=106
2025-12-03 03:39:06,959 - hybrid.data.streaming_dataset - WARNING - Failed to generate positive sample after maximum attempts
2025-12-03 03:39:07,032 - hybrid.data.streaming_dataset - ERROR - Tensor length mismatch: coords=4, tokens=68, mask=68, expected=68
2025-12-03 03:39:07,090 - hybrid.data.streaming_dataset - ERROR - Tensor length mismatch: coords=4, tokens=68, mask=68, expected=68
2025-12-03 03:39:07,113 - hybrid.data.streaming_dataset - ERROR - Tensor length mismatch: coords=4, tokens=106, mask=106, expected=106
2025-12-03 03:39:07,130 - hybrid.data.streaming_dataset - ERROR - Tensor length mismatch: coords=4, tokens=68, mask=68, expected=68
2025-12-03 03:39:07,144 - hybrid.data.streaming_dataset - ERROR - Tensor length mismatch: coords=4, tokens=68, mask=68, expected=68
2025-12-03 03:39:07,153 - hybrid.data.streaming_dataset - ERROR - Tensor length mismatch: coords=4, tokens=68, mask=68, expected=68
2025-12-03 03:39:07,164 - hybrid.data.streaming_dataset - ERROR - Tensor length mismatch: coords=4, tokens=68, mask=68, expected=68
2025-12-03 03:39:07,174 - hybrid.data.streaming_dataset - ERROR - Tensor length mismatch: coords=4, tokens=68, mask=68, expected=68
2025-12-03 03:39:07,187 - hybrid.data.streaming_dataset - ERROR - Tensor length mismatch: coords=4, tokens=68, mask=68, expected=68
2025-12-03 03:39:07,197 - hybrid.data.streaming_dataset - ERROR - Tensor length mismatch: coords=4, tokens=106, mask=106, expected=106
2025-12-03 03:39:07,197 - hybrid.data.streaming_dataset - WARNING - Failed to generate positive sample after maximum attempts
2025-12-03 03:39:10,975 - hybrid.data.streaming_dataset - ERROR - Tensor length mismatch: coords=4, tokens=106, mask=106, expected=106
2025-12-03 03:39:10,990 - hybrid.data.streaming_dataset - ERROR - Tensor length mismatch: coords=4, tokens=68, mask=68, expected=68
2025-12-03 03:39:10,999 - hybrid.data.streaming_dataset - ERROR - Tensor length mismatch: coords=4, tokens=68, mask=68, expected=68
2025-12-03 03:39:11,013 - hybrid.data.streaming_dataset - ERROR - Tensor length mismatch: coords=4, tokens=106, mask=106, expected=106
2025-12-03 03:39:11,024 - hybrid.data.streaming_dataset - ERROR - Tensor length mismatch: coords=4, tokens=68, mask=68, expected=68
2025-12-03 03:39:11,031 - hybrid.data.streaming_dataset - ERROR - Tensor length mismatch: coords=4, tokens=68, mask=68, expected=68
2025-12-03 03:39:11,073 - hybrid.data.streaming_dataset - ERROR - Tensor length mismatch: coords=4, tokens=106, mask=106, expected=106
2025-12-03 03:39:11,088 - hybrid.data.streaming_dataset - ERROR - Tensor length mismatch: coords=4, tokens=68, mask=68, expected=68
2025-12-03 03:39:11,098 - hybrid.data.streaming_dataset - ERROR - Tensor length mismatch: coords=4, tokens=68, mask=68, expected=68
2025-12-03 03:39:11,107 - hybrid.data.streaming_dataset - ERROR - Tensor length mismatch: coords=4, tokens=68, mask=68, expected=68
2025-12-03 03:39:11,107 - hybrid.data.streaming_dataset - WARNING - Failed to generate positive sample after maximum attempts
2025-12-03 03:39:11,116 - hybrid.data.streaming_dataset - ERROR - Tensor length mismatch: coords=4, tokens=68, mask=68, expected=68
2025-12-03 03:39:11,123 - hybrid.data.streaming_dataset - ERROR - Tensor length mismatch: coords=4, tokens=106, mask=106, expected=106
2025-12-03 03:39:11,130 - hybrid.data.streaming_dataset - ERROR - Tensor length mismatch: coords=4, tokens=106, mask=106, expected=106
2025-12-03 03:39:11,175 - hybrid.data.streaming_dataset - ERROR - Tensor length mismatch: coords=4, tokens=68, mask=68, expected=68
2025-12-03 03:39:11,210 - hybrid.data.streaming_dataset - ERROR - Tensor length mismatch: coords=4, tokens=68, mask=68, expected=68
2025-12-03 03:39:11,225 - hybrid.data.streaming_dataset - ERROR - Tensor length mismatch: coords=4, tokens=106, mask=106, expected=106
2025-12-03 03:39:11,233 - hybrid.data.streaming_dataset - ERROR - Tensor length mismatch: coords=4, tokens=106, mask=106, expected=106
2025-12-03 03:39:11,239 - hybrid.data.streaming_dataset - ERROR - Tensor length mismatch: coords=4, tokens=68, mask=68, expected=68
2025-12-03 03:39:11,245 - hybrid.data.streaming_dataset - ERROR - Tensor length mismatch: coords=4, tokens=106, mask=106, expected=106
2025-12-03 03:39:11,251 - hybrid.data.streaming_dataset - ERROR - Tensor length mismatch: coords=4, tokens=106, mask=106, expected=106
2025-12-03 03:39:11,251 - hybrid.data.streaming_dataset - WARNING - Failed to generate positive sample after maximum attempts
2025-12-03 03:39:12,230 - __main__ - INFO - Step 25: loss=0.000000, sample_type=negative_random, sequence_length=95
2025-12-03 03:39:12,240 - hybrid.data.streaming_dataset - ERROR - Tensor length mismatch: coords=4, tokens=68, mask=68, expected=68
2025-12-03 03:39:12,253 - hybrid.data.streaming_dataset - ERROR - Tensor length mismatch: coords=4, tokens=106, mask=106, expected=106
2025-12-03 03:39:12,260 - hybrid.data.streaming_dataset - ERROR - Tensor length mismatch: coords=4, tokens=68, mask=68, expected=68
2025-12-03 03:39:12,276 - hybrid.data.streaming_dataset - ERROR - Tensor length mismatch: coords=4, tokens=68, mask=68, expected=68
2025-12-03 03:39:12,303 - hybrid.data.streaming_dataset - ERROR - Tensor length mismatch: coords=4, tokens=106, mask=106, expected=106
2025-12-03 03:39:12,329 - hybrid.data.streaming_dataset - ERROR - Tensor length mismatch: coords=4, tokens=68, mask=68, expected=68
2025-12-03 03:39:12,338 - hybrid.data.streaming_dataset - ERROR - Tensor length mismatch: coords=4, tokens=68, mask=68, expected=68
2025-12-03 03:39:12,348 - hybrid.data.streaming_dataset - ERROR - Tensor length mismatch: coords=4, tokens=68, mask=68, expected=68
2025-12-03 03:39:12,361 - hybrid.data.streaming_dataset - ERROR - Tensor length mismatch: coords=4, tokens=106, mask=106, expected=106
2025-12-03 03:39:12,371 - hybrid.data.streaming_dataset - ERROR - Tensor length mismatch: coords=4, tokens=106, mask=106, expected=106
2025-12-03 03:39:12,371 - hybrid.data.streaming_dataset - WARNING - Failed to generate positive sample after maximum attempts
2025-12-03 03:39:14,929 - hybrid.data.streaming_dataset - ERROR - Tensor length mismatch: coords=4, tokens=106, mask=106, expected=106
2025-12-03 03:39:14,937 - hybrid.data.streaming_dataset - ERROR - Tensor length mismatch: coords=4, tokens=68, mask=68, expected=68
2025-12-03 03:39:14,954 - hybrid.data.streaming_dataset - ERROR - Tensor length mismatch: coords=4, tokens=106, mask=106, expected=106
2025-12-03 03:39:14,964 - hybrid.data.streaming_dataset - ERROR - Tensor length mismatch: coords=4, tokens=106, mask=106, expected=106
2025-12-03 03:39:14,991 - hybrid.data.streaming_dataset - ERROR - Tensor length mismatch: coords=4, tokens=68, mask=68, expected=68
2025-12-03 03:39:15,003 - hybrid.data.streaming_dataset - ERROR - Tensor length mismatch: coords=4, tokens=106, mask=106, expected=106
2025-12-03 03:39:15,093 - hybrid.data.streaming_dataset - ERROR - Tensor length mismatch: coords=4, tokens=106, mask=106, expected=106
2025-12-03 03:39:15,111 - hybrid.data.streaming_dataset - ERROR - Tensor length mismatch: coords=4, tokens=106, mask=106, expected=106
2025-12-03 03:39:15,122 - hybrid.data.streaming_dataset - ERROR - Tensor length mismatch: coords=4, tokens=68, mask=68, expected=68
2025-12-03 03:39:15,135 - hybrid.data.streaming_dataset - ERROR - Tensor length mismatch: coords=4, tokens=106, mask=106, expected=106
2025-12-03 03:39:15,138 - hybrid.data.streaming_dataset - WARNING - Failed to generate positive sample after maximum attempts
2025-12-03 03:39:15,151 - hybrid.data.streaming_dataset - ERROR - Tensor length mismatch: coords=4, tokens=68, mask=68, expected=68
2025-12-03 03:39:15,160 - hybrid.data.streaming_dataset - ERROR - Tensor length mismatch: coords=4, tokens=68, mask=68, expected=68
2025-12-03 03:39:15,168 - hybrid.data.streaming_dataset - ERROR - Tensor length mismatch: coords=4, tokens=68, mask=68, expected=68
2025-12-03 03:39:15,176 - hybrid.data.streaming_dataset - ERROR - Tensor length mismatch: coords=4, tokens=68, mask=68, expected=68
2025-12-03 03:39:15,181 - hybrid.data.streaming_dataset - ERROR - Tensor length mismatch: coords=4, tokens=106, mask=106, expected=106
2025-12-03 03:39:15,387 - hybrid.data.streaming_dataset - ERROR - Tensor length mismatch: coords=4, tokens=68, mask=68, expected=68
2025-12-03 03:39:15,413 - hybrid.data.streaming_dataset - ERROR - Tensor length mismatch: coords=4, tokens=68, mask=68, expected=68
2025-12-03 03:39:15,436 - hybrid.data.streaming_dataset - ERROR - Tensor length mismatch: coords=4, tokens=68, mask=68, expected=68
2025-12-03 03:39:15,445 - hybrid.data.streaming_dataset - ERROR - Tensor length mismatch: coords=4, tokens=106, mask=106, expected=106
2025-12-03 03:39:15,467 - hybrid.data.streaming_dataset - ERROR - Tensor length mismatch: coords=4, tokens=68, mask=68, expected=68
2025-12-03 03:39:15,467 - hybrid.data.streaming_dataset - WARNING - Failed to generate positive sample after maximum attempts
2025-12-03 03:39:15,486 - hybrid.data.streaming_dataset - ERROR - Tensor length mismatch: coords=4, tokens=68, mask=68, expected=68
2025-12-03 03:39:15,499 - hybrid.data.streaming_dataset - ERROR - Tensor length mismatch: coords=4, tokens=106, mask=106, expected=106
2025-12-03 03:39:15,564 - hybrid.data.streaming_dataset - ERROR - Tensor length mismatch: coords=4, tokens=68, mask=68, expected=68
2025-12-03 03:39:15,571 - hybrid.data.streaming_dataset - ERROR - Tensor length mismatch: coords=4, tokens=68, mask=68, expected=68
2025-12-03 03:39:15,606 - hybrid.data.streaming_dataset - ERROR - Tensor length mismatch: coords=4, tokens=106, mask=106, expected=106
2025-12-03 03:39:15,613 - hybrid.data.streaming_dataset - ERROR - Tensor length mismatch: coords=4, tokens=68, mask=68, expected=68
2025-12-03 03:39:15,636 - hybrid.data.streaming_dataset - ERROR - Tensor length mismatch: coords=4, tokens=106, mask=106, expected=106
2025-12-03 03:39:15,658 - hybrid.data.streaming_dataset - ERROR - Tensor length mismatch: coords=4, tokens=68, mask=68, expected=68
2025-12-03 03:39:15,669 - hybrid.data.streaming_dataset - ERROR - Tensor length mismatch: coords=4, tokens=68, mask=68, expected=68
2025-12-03 03:39:15,708 - hybrid.data.streaming_dataset - ERROR - Tensor length mismatch: coords=4, tokens=68, mask=68, expected=68
2025-12-03 03:39:15,708 - hybrid.data.streaming_dataset - WARNING - Failed to generate positive sample after maximum attempts
2025-12-03 03:39:15,723 - hybrid.data.streaming_dataset - ERROR - Tensor length mismatch: coords=4, tokens=106, mask=106, expected=106
2025-12-03 03:39:15,803 - hybrid.data.streaming_dataset - ERROR - Tensor length mismatch: coords=4, tokens=106, mask=106, expected=106
2025-12-03 03:39:15,814 - hybrid.data.streaming_dataset - ERROR - Tensor length mismatch: coords=4, tokens=106, mask=106, expected=106
2025-12-03 03:39:15,824 - hybrid.data.streaming_dataset - ERROR - Tensor length mismatch: coords=4, tokens=106, mask=106, expected=106
2025-12-03 03:39:15,831 - hybrid.data.streaming_dataset - ERROR - Tensor length mismatch: coords=4, tokens=68, mask=68, expected=68
2025-12-03 03:39:15,844 - hybrid.data.streaming_dataset - ERROR - Tensor length mismatch: coords=4, tokens=106, mask=106, expected=106
2025-12-03 03:39:15,852 - hybrid.data.streaming_dataset - ERROR - Tensor length mismatch: coords=4, tokens=106, mask=106, expected=106
2025-12-03 03:39:15,888 - hybrid.data.streaming_dataset - ERROR - Tensor length mismatch: coords=4, tokens=106, mask=106, expected=106
2025-12-03 03:39:15,901 - hybrid.data.streaming_dataset - ERROR - Tensor length mismatch: coords=4, tokens=68, mask=68, expected=68
2025-12-03 03:39:15,914 - hybrid.data.streaming_dataset - ERROR - Tensor length mismatch: coords=4, tokens=68, mask=68, expected=68
2025-12-03 03:39:15,916 - hybrid.data.streaming_dataset - WARNING - Failed to generate positive sample after maximum attempts
2025-12-03 03:39:15,927 - hybrid.data.streaming_dataset - ERROR - Tensor length mismatch: coords=4, tokens=106, mask=106, expected=106
2025-12-03 03:39:15,943 - hybrid.data.streaming_dataset - ERROR - Tensor length mismatch: coords=4, tokens=106, mask=106, expected=106
2025-12-03 03:39:15,955 - hybrid.data.streaming_dataset - ERROR - Tensor length mismatch: coords=4, tokens=68, mask=68, expected=68
2025-12-03 03:39:15,969 - hybrid.data.streaming_dataset - ERROR - Tensor length mismatch: coords=4, tokens=68, mask=68, expected=68
2025-12-03 03:39:15,975 - hybrid.data.streaming_dataset - ERROR - Tensor length mismatch: coords=4, tokens=106, mask=106, expected=106
2025-12-03 03:39:15,986 - hybrid.data.streaming_dataset - ERROR - Tensor length mismatch: coords=4, tokens=68, mask=68, expected=68
2025-12-03 03:39:15,994 - hybrid.data.streaming_dataset - ERROR - Tensor length mismatch: coords=4, tokens=68, mask=68, expected=68
2025-12-03 03:39:16,001 - hybrid.data.streaming_dataset - ERROR - Tensor length mismatch: coords=4, tokens=106, mask=106, expected=106
2025-12-03 03:39:16,008 - hybrid.data.streaming_dataset - ERROR - Tensor length mismatch: coords=4, tokens=68, mask=68, expected=68
2025-12-03 03:39:16,020 - hybrid.data.streaming_dataset - ERROR - Tensor length mismatch: coords=4, tokens=68, mask=68, expected=68
2025-12-03 03:39:16,021 - hybrid.data.streaming_dataset - WARNING - Failed to generate positive sample after maximum attempts
2025-12-03 03:39:18,256 - hybrid.data.streaming_dataset - ERROR - Tensor length mismatch: coords=4, tokens=106, mask=106, expected=106
2025-12-03 03:39:18,262 - hybrid.data.streaming_dataset - ERROR - Tensor length mismatch: coords=4, tokens=68, mask=68, expected=68
2025-12-03 03:39:18,268 - hybrid.data.streaming_dataset - ERROR - Tensor length mismatch: coords=4, tokens=106, mask=106, expected=106
2025-12-03 03:39:18,274 - hybrid.data.streaming_dataset - ERROR - Tensor length mismatch: coords=4, tokens=68, mask=68, expected=68
2025-12-03 03:39:18,279 - hybrid.data.streaming_dataset - ERROR - Tensor length mismatch: coords=4, tokens=68, mask=68, expected=68
2025-12-03 03:39:18,285 - hybrid.data.streaming_dataset - ERROR - Tensor length mismatch: coords=4, tokens=68, mask=68, expected=68
2025-12-03 03:39:18,291 - hybrid.data.streaming_dataset - ERROR - Tensor length mismatch: coords=4, tokens=106, mask=106, expected=106
2025-12-03 03:39:18,296 - hybrid.data.streaming_dataset - ERROR - Tensor length mismatch: coords=4, tokens=68, mask=68, expected=68
2025-12-03 03:39:18,300 - hybrid.data.streaming_dataset - ERROR - Tensor length mismatch: coords=4, tokens=68, mask=68, expected=68
2025-12-03 03:39:18,305 - hybrid.data.streaming_dataset - ERROR - Tensor length mismatch: coords=4, tokens=68, mask=68, expected=68
2025-12-03 03:39:18,305 - hybrid.data.streaming_dataset - WARNING - Failed to generate positive sample after maximum attempts
2025-12-03 03:39:18,311 - hybrid.data.streaming_dataset - ERROR - Tensor length mismatch: coords=4, tokens=68, mask=68, expected=68
2025-12-03 03:39:18,316 - hybrid.data.streaming_dataset - ERROR - Tensor length mismatch: coords=4, tokens=106, mask=106, expected=106
2025-12-03 03:39:18,321 - hybrid.data.streaming_dataset - ERROR - Tensor length mismatch: coords=4, tokens=106, mask=106, expected=106
2025-12-03 03:39:18,326 - hybrid.data.streaming_dataset - ERROR - Tensor length mismatch: coords=4, tokens=68, mask=68, expected=68
2025-12-03 03:39:18,332 - hybrid.data.streaming_dataset - ERROR - Tensor length mismatch: coords=4, tokens=106, mask=106, expected=106
2025-12-03 03:39:18,336 - hybrid.data.streaming_dataset - ERROR - Tensor length mismatch: coords=4, tokens=106, mask=106, expected=106
2025-12-03 03:39:18,340 - hybrid.data.streaming_dataset - ERROR - Tensor length mismatch: coords=4, tokens=68, mask=68, expected=68
2025-12-03 03:39:18,344 - hybrid.data.streaming_dataset - ERROR - Tensor length mismatch: coords=4, tokens=106, mask=106, expected=106
2025-12-03 03:39:18,348 - hybrid.data.streaming_dataset - ERROR - Tensor length mismatch: coords=4, tokens=68, mask=68, expected=68
2025-12-03 03:39:18,352 - hybrid.data.streaming_dataset - ERROR - Tensor length mismatch: coords=4, tokens=106, mask=106, expected=106
2025-12-03 03:39:18,352 - hybrid.data.streaming_dataset - WARNING - Failed to generate positive sample after maximum attempts
2025-12-03 03:39:18,356 - hybrid.data.streaming_dataset - ERROR - Tensor length mismatch: coords=4, tokens=106, mask=106, expected=106
2025-12-03 03:39:18,360 - hybrid.data.streaming_dataset - ERROR - Tensor length mismatch: coords=4, tokens=68, mask=68, expected=68
2025-12-03 03:39:18,365 - hybrid.data.streaming_dataset - ERROR - Tensor length mismatch: coords=4, tokens=68, mask=68, expected=68
2025-12-03 03:39:18,369 - hybrid.data.streaming_dataset - ERROR - Tensor length mismatch: coords=4, tokens=68, mask=68, expected=68
2025-12-03 03:39:18,373 - hybrid.data.streaming_dataset - ERROR - Tensor length mismatch: coords=4, tokens=68, mask=68, expected=68
2025-12-03 03:39:18,377 - hybrid.data.streaming_dataset - ERROR - Tensor length mismatch: coords=4, tokens=68, mask=68, expected=68
2025-12-03 03:39:18,381 - hybrid.data.streaming_dataset - ERROR - Tensor length mismatch: coords=4, tokens=68, mask=68, expected=68
2025-12-03 03:39:18,385 - hybrid.data.streaming_dataset - ERROR - Tensor length mismatch: coords=4, tokens=68, mask=68, expected=68
2025-12-03 03:39:18,389 - hybrid.data.streaming_dataset - ERROR - Tensor length mismatch: coords=4, tokens=106, mask=106, expected=106
2025-12-03 03:39:18,393 - hybrid.data.streaming_dataset - ERROR - Tensor length mismatch: coords=4, tokens=68, mask=68, expected=68
2025-12-03 03:39:18,393 - hybrid.data.streaming_dataset - WARNING - Failed to generate positive sample after maximum attempts
2025-12-03 03:39:18,433 - hybrid.data.streaming_dataset - ERROR - Tensor length mismatch: coords=4, tokens=106, mask=106, expected=106
2025-12-03 03:39:18,438 - hybrid.data.streaming_dataset - ERROR - Tensor length mismatch: coords=4, tokens=68, mask=68, expected=68
2025-12-03 03:39:18,441 - hybrid.data.streaming_dataset - ERROR - Tensor length mismatch: coords=4, tokens=106, mask=106, expected=106
2025-12-03 03:39:18,445 - hybrid.data.streaming_dataset - ERROR - Tensor length mismatch: coords=4, tokens=106, mask=106, expected=106
2025-12-03 03:39:18,449 - hybrid.data.streaming_dataset - ERROR - Tensor length mismatch: coords=4, tokens=106, mask=106, expected=106
2025-12-03 03:39:18,453 - hybrid.data.streaming_dataset - ERROR - Tensor length mismatch: coords=4, tokens=106, mask=106, expected=106
2025-12-03 03:39:18,457 - hybrid.data.streaming_dataset - ERROR - Tensor length mismatch: coords=4, tokens=106, mask=106, expected=106
2025-12-03 03:39:18,461 - hybrid.data.streaming_dataset - ERROR - Tensor length mismatch: coords=4, tokens=106, mask=106, expected=106
2025-12-03 03:39:18,465 - hybrid.data.streaming_dataset - ERROR - Tensor length mismatch: coords=4, tokens=106, mask=106, expected=106
2025-12-03 03:39:18,469 - hybrid.data.streaming_dataset - ERROR - Tensor length mismatch: coords=4, tokens=106, mask=106, expected=106
2025-12-03 03:39:18,469 - hybrid.data.streaming_dataset - WARNING - Failed to generate positive sample after maximum attempts
2025-12-03 03:39:18,473 - hybrid.data.streaming_dataset - ERROR - Tensor length mismatch: coords=4, tokens=106, mask=106, expected=106
2025-12-03 03:39:18,476 - hybrid.data.streaming_dataset - ERROR - Tensor length mismatch: coords=4, tokens=106, mask=106, expected=106
2025-12-03 03:39:18,482 - hybrid.data.streaming_dataset - ERROR - Tensor length mismatch: coords=4, tokens=68, mask=68, expected=68
2025-12-03 03:39:18,488 - hybrid.data.streaming_dataset - ERROR - Tensor length mismatch: coords=4, tokens=68, mask=68, expected=68
2025-12-03 03:39:18,493 - hybrid.data.streaming_dataset - ERROR - Tensor length mismatch: coords=4, tokens=68, mask=68, expected=68
2025-12-03 03:39:18,496 - hybrid.data.streaming_dataset - ERROR - Tensor length mismatch: coords=4, tokens=106, mask=106, expected=106
2025-12-03 03:39:18,501 - hybrid.data.streaming_dataset - ERROR - Tensor length mismatch: coords=4, tokens=106, mask=106, expected=106
2025-12-03 03:39:18,505 - hybrid.data.streaming_dataset - ERROR - Tensor length mismatch: coords=4, tokens=106, mask=106, expected=106
2025-12-03 03:39:18,509 - hybrid.data.streaming_dataset - ERROR - Tensor length mismatch: coords=4, tokens=68, mask=68, expected=68
2025-12-03 03:39:18,514 - hybrid.data.streaming_dataset - ERROR - Tensor length mismatch: coords=4, tokens=106, mask=106, expected=106
2025-12-03 03:39:18,514 - hybrid.data.streaming_dataset - WARNING - Failed to generate positive sample after maximum attempts
2025-12-03 03:39:18,971 - hybrid.data.streaming_dataset - ERROR - Tensor length mismatch: coords=4, tokens=68, mask=68, expected=68
2025-12-03 03:39:18,976 - hybrid.data.streaming_dataset - ERROR - Tensor length mismatch: coords=4, tokens=68, mask=68, expected=68
2025-12-03 03:39:18,981 - hybrid.data.streaming_dataset - ERROR - Tensor length mismatch: coords=4, tokens=106, mask=106, expected=106
2025-12-03 03:39:18,985 - hybrid.data.streaming_dataset - ERROR - Tensor length mismatch: coords=4, tokens=106, mask=106, expected=106
2025-12-03 03:39:18,990 - hybrid.data.streaming_dataset - ERROR - Tensor length mismatch: coords=4, tokens=106, mask=106, expected=106
2025-12-03 03:39:18,994 - hybrid.data.streaming_dataset - ERROR - Tensor length mismatch: coords=4, tokens=106, mask=106, expected=106
2025-12-03 03:39:18,999 - hybrid.data.streaming_dataset - ERROR - Tensor length mismatch: coords=4, tokens=68, mask=68, expected=68
2025-12-03 03:39:19,003 - hybrid.data.streaming_dataset - ERROR - Tensor length mismatch: coords=4, tokens=106, mask=106, expected=106
2025-12-03 03:39:19,008 - hybrid.data.streaming_dataset - ERROR - Tensor length mismatch: coords=4, tokens=106, mask=106, expected=106
2025-12-03 03:39:19,012 - hybrid.data.streaming_dataset - ERROR - Tensor length mismatch: coords=4, tokens=68, mask=68, expected=68
2025-12-03 03:39:19,012 - hybrid.data.streaming_dataset - WARNING - Failed to generate positive sample after maximum attempts
2025-12-03 03:39:19,486 - hybrid.data.streaming_dataset - ERROR - Tensor length mismatch: coords=4, tokens=68, mask=68, expected=68
2025-12-03 03:39:19,492 - hybrid.data.streaming_dataset - ERROR - Tensor length mismatch: coords=4, tokens=106, mask=106, expected=106
2025-12-03 03:39:19,498 - hybrid.data.streaming_dataset - ERROR - Tensor length mismatch: coords=4, tokens=68, mask=68, expected=68
2025-12-03 03:39:19,504 - hybrid.data.streaming_dataset - ERROR - Tensor length mismatch: coords=4, tokens=68, mask=68, expected=68
2025-12-03 03:39:19,509 - hybrid.data.streaming_dataset - ERROR - Tensor length mismatch: coords=4, tokens=106, mask=106, expected=106
2025-12-03 03:39:19,516 - hybrid.data.streaming_dataset - ERROR - Tensor length mismatch: coords=4, tokens=68, mask=68, expected=68
2025-12-03 03:39:19,522 - hybrid.data.streaming_dataset - ERROR - Tensor length mismatch: coords=4, tokens=68, mask=68, expected=68
2025-12-03 03:39:19,528 - hybrid.data.streaming_dataset - ERROR - Tensor length mismatch: coords=4, tokens=68, mask=68, expected=68
2025-12-03 03:39:19,533 - hybrid.data.streaming_dataset - ERROR - Tensor length mismatch: coords=4, tokens=106, mask=106, expected=106
2025-12-03 03:39:19,538 - hybrid.data.streaming_dataset - ERROR - Tensor length mismatch: coords=4, tokens=68, mask=68, expected=68
2025-12-03 03:39:19,538 - hybrid.data.streaming_dataset - WARNING - Failed to generate positive sample after maximum attempts
2025-12-03 03:39:19,770 - hybrid.data.streaming_dataset - ERROR - Tensor length mismatch: coords=4, tokens=68, mask=68, expected=68
2025-12-03 03:39:19,776 - hybrid.data.streaming_dataset - ERROR - Tensor length mismatch: coords=4, tokens=68, mask=68, expected=68
2025-12-03 03:39:19,782 - hybrid.data.streaming_dataset - ERROR - Tensor length mismatch: coords=4, tokens=68, mask=68, expected=68
2025-12-03 03:39:19,788 - hybrid.data.streaming_dataset - ERROR - Tensor length mismatch: coords=4, tokens=68, mask=68, expected=68
2025-12-03 03:39:19,794 - hybrid.data.streaming_dataset - ERROR - Tensor length mismatch: coords=4, tokens=68, mask=68, expected=68
2025-12-03 03:39:19,800 - hybrid.data.streaming_dataset - ERROR - Tensor length mismatch: coords=4, tokens=68, mask=68, expected=68
2025-12-03 03:39:19,806 - hybrid.data.streaming_dataset - ERROR - Tensor length mismatch: coords=4, tokens=106, mask=106, expected=106
2025-12-03 03:39:19,812 - hybrid.data.streaming_dataset - ERROR - Tensor length mismatch: coords=4, tokens=106, mask=106, expected=106
2025-12-03 03:39:19,818 - hybrid.data.streaming_dataset - ERROR - Tensor length mismatch: coords=4, tokens=68, mask=68, expected=68
2025-12-03 03:39:19,824 - hybrid.data.streaming_dataset - ERROR - Tensor length mismatch: coords=4, tokens=68, mask=68, expected=68
2025-12-03 03:39:19,824 - hybrid.data.streaming_dataset - WARNING - Failed to generate positive sample after maximum attempts
2025-12-03 03:39:19,830 - hybrid.data.streaming_dataset - ERROR - Tensor length mismatch: coords=4, tokens=68, mask=68, expected=68
2025-12-03 03:39:19,835 - hybrid.data.streaming_dataset - ERROR - Tensor length mismatch: coords=4, tokens=68, mask=68, expected=68
2025-12-03 03:39:19,840 - hybrid.data.streaming_dataset - ERROR - Tensor length mismatch: coords=4, tokens=106, mask=106, expected=106
2025-12-03 03:39:19,845 - hybrid.data.streaming_dataset - ERROR - Tensor length mismatch: coords=4, tokens=68, mask=68, expected=68
2025-12-03 03:39:19,849 - hybrid.data.streaming_dataset - ERROR - Tensor length mismatch: coords=4, tokens=68, mask=68, expected=68
2025-12-03 03:39:19,854 - hybrid.data.streaming_dataset - ERROR - Tensor length mismatch: coords=4, tokens=106, mask=106, expected=106
2025-12-03 03:39:19,859 - hybrid.data.streaming_dataset - ERROR - Tensor length mismatch: coords=4, tokens=68, mask=68, expected=68
2025-12-03 03:39:19,863 - hybrid.data.streaming_dataset - ERROR - Tensor length mismatch: coords=4, tokens=106, mask=106, expected=106
2025-12-03 03:39:19,868 - hybrid.data.streaming_dataset - ERROR - Tensor length mismatch: coords=4, tokens=68, mask=68, expected=68
2025-12-03 03:39:19,873 - hybrid.data.streaming_dataset - ERROR - Tensor length mismatch: coords=4, tokens=68, mask=68, expected=68
2025-12-03 03:39:19,873 - hybrid.data.streaming_dataset - WARNING - Failed to generate positive sample after maximum attempts
2025-12-03 03:39:20,377 - hybrid.data.streaming_dataset - ERROR - Tensor length mismatch: coords=4, tokens=68, mask=68, expected=68
2025-12-03 03:39:20,412 - hybrid.data.streaming_dataset - ERROR - Tensor length mismatch: coords=4, tokens=106, mask=106, expected=106
2025-12-03 03:39:20,432 - hybrid.data.streaming_dataset - ERROR - Tensor length mismatch: coords=4, tokens=106, mask=106, expected=106
2025-12-03 03:39:20,439 - hybrid.data.streaming_dataset - ERROR - Tensor length mismatch: coords=4, tokens=106, mask=106, expected=106
2025-12-03 03:39:20,448 - hybrid.data.streaming_dataset - ERROR - Tensor length mismatch: coords=4, tokens=106, mask=106, expected=106
2025-12-03 03:39:20,459 - hybrid.data.streaming_dataset - ERROR - Tensor length mismatch: coords=4, tokens=68, mask=68, expected=68
2025-12-03 03:39:20,476 - hybrid.data.streaming_dataset - ERROR - Tensor length mismatch: coords=4, tokens=68, mask=68, expected=68
2025-12-03 03:39:20,487 - hybrid.data.streaming_dataset - ERROR - Tensor length mismatch: coords=4, tokens=106, mask=106, expected=106
2025-12-03 03:39:20,510 - hybrid.data.streaming_dataset - ERROR - Tensor length mismatch: coords=4, tokens=68, mask=68, expected=68
2025-12-03 03:39:20,520 - hybrid.data.streaming_dataset - ERROR - Tensor length mismatch: coords=4, tokens=68, mask=68, expected=68
2025-12-03 03:39:20,520 - hybrid.data.streaming_dataset - WARNING - Failed to generate positive sample after maximum attempts
